Rk,Player,Pos,Age,Tm,G,MP,PER,TS%,3PAr,FTr,ORB%,DRB%,TRB%,AST%,STL%,BLK%,TOV%,USG%,,OWS,DWS,WS,WS/48,,OBPM,DBPM,BPM,VORP
1,Alex Abrines\abrinal01,SG,24,OKC,24,417,7.4,.534,.673,.183,2.3,7.9,5.0,3.5,1.8,0.5,9.6,12.9,,0.2,0.5,0.7,.079,,-1.9,-1.0,-2.9,-0.1
2,Quincy Acy\acyqu01,PF,27,BRK,21,365,5.9,.493,.804,.268,2.8,19.2,10.9,4.9,0.9,0.8,16.9,14.9,,-0.3,0.3,0.1,.007,,-3.5,-0.6,-4.1,-0.2
3,Steven Adams\adamsst01,C,24,OKC,23,728,21.3,.657,.000,.364,16.0,14.3,15.2,4.1,2.0,3.0,14.0,16.5,,2.0,1.1,3.2,.209,,1.8,1.3,3.1,0.9
4,Bam Adebayo\adebaba01,C,20,MIA,17,271,18.1,.654,.000,.525,10.2,17.5,13.9,3.5,2.6,3.6,13.2,14.0,,0.6,0.4,1.1,.187,,-0.8,2.5,1.7,0.3
5,Arron Afflalo\afflaar01,SG,32,ORL,22,300,3.5,.443,.439,.246,1.1,11.6,6.4,4.8,0.2,1.0,11.2,10.3,,-0.2,0.0,-0.1,-0.022,,-4.8,-1.3,-6.0,-0.3
6,Cole Aldrich\aldrico01,C,29,MIN,5,10,0.8,.174,.000,1.000,0.0,11.8,5.8,12.2,5.0,0.0,0.0,12.7,,0.0,0.0,0.0,-0.074,,-7.8,1.4,-6.4,0.0
7,LaMarcus Aldridge\aldrila01,PF,32,SAS,27,907,24.9,.568,.091,.312,11.1,16.5,13.8,12.0,0.8,2.9,7.1,28.7,,2.9,1.3,4.2,.221,,3.2,-0.2,3.0,1.2
8,Jarrett Allen\allenja01,C,19,BRK,18,299,15.4,.594,.029,.362,8.9,14.7,11.8,4.4,1.6,4.6,9.1,12.3,,0.5,0.4,0.9,.147,,-1.4,2.7,1.3,0.3
9,Kadeem Allen\allenka01,SG,25,BOS,1,5,-3.3,.266,1.000,2.000,22.5,21.4,21.9,0.0,0.0,0.0,34.7,25.8,,0.0,0.0,0.0,-0.277,,-12.8,-7.8,-20.5,0.0
10,Tony Allen\allento01,SG,36,NOP,22,273,8.9,.514,.132,.231,8.4,10.7,9.6,4.7,1.9,0.9,15.9,19.0,,-0.1,0.2,0.1,.009,,-3.8,-1.7,-5.5,-0.2
11,Al-Farouq Aminu\aminual01,PF,27,POR,13,382,13.9,.607,.583,.146,5.2,20.9,13.1,6.6,1.0,2.5,12.8,13.4,,0.6,0.6,1.1,.143,,0.3,1.8,2.1,0.4
12,Justin Anderson\anderju01,SF,24,PHI,10,126,9.6,.489,.542,.146,8.6,13.9,11.3,3.5,1.1,0.7,7.3,18.2,,0.1,0.1,0.2,.064,,-1.7,-3.0,-4.7,-0.1
13,Kyle Anderson\anderky01,SF,24,SAS,23,631,16.7,.569,.071,.340,5.5,18.8,12.1,16.7,2.2,2.5,14.3,14.9,,1.0,1.1,2.1,.161,,-0.1,3.3,3.2,0.8
14,Ryan Anderson\anderry01,PF,29,HOU,24,682,13.9,.638,.761,.127,5.2,15.7,10.5,3.7,0.5,1.1,8.9,15.7,,1.4,0.6,2.0,.141,,1.9,-1.5,0.5,0.4
15,Ike Anigbogu\anigbik01,C,19,IND,6,17,5.2,.340,.000,.400,13.4,12.9,13.1,0.0,2.9,4.9,25.4,20.3,,-0.1,0.0,0.0,-0.111,,-11.1,-1.0,-12.1,0.0
16,Giannis Antetokounmpo\antetgi01,PF,23,MIL,24,900,31.2,.614,.083,.488,6.5,26.6,16.5,23.3,2.3,3.9,10.9,33.5,,3.5,1.4,4.9,.261,,5.6,1.9,7.5,2.2
17,Carmelo Anthony\anthoca01,SF,33,OKC,25,820,14.5,.503,.372,.224,2.6,20.3,11.1,8.4,1.3,2.1,7.9,25.5,,0.4,1.2,1.6,.096,,-1.8,-0.9,-2.8,-0.2
18,OG Anunoby\anunoog01,SF,20,TOR,25,507,11.5,.622,.545,.179,3.7,7.3,5.6,5.4,2.1,0.2,9.5,12.8,,0.8,0.5,1.3,.120,,1.8,0.0,1.8,0.5
19,Ryan Arcidiacono\arcidry01,PG,23,CHI,1,5,-13.3,.000,1.000,.000,0.0,0.0,0.0,26.1,0.0,0.0,0.0,17.7,,0.0,0.0,0.0,-0.367,,-12.5,-10.0,-22.6,0.0
20,Trevor Ariza\arizatr01,SF,32,HOU,23,787,12.9,.614,.750,.132,1.9,12.6,7.3,7.9,2.3,0.5,9.2,13.1,,1.3,1.0,2.3,.139,,1.9,1.1,3.0,1.0
21,Darrell Arthur\arthuda01,PF,29,DEN,4,38,-9.4,.269,.692,.000,2.9,11.9,7.3,3.5,2.6,0.0,35.0,22.7,,-0.3,0.0,-0.3,-0.328,,-12.8,-2.2,-15.0,-0.1
22,Omer Asik\asikom01,C,31,NOP,7,70,5.6,.463,.000,.182,4.9,27.7,16.7,3.6,0.0,0.0,14.4,8.6,,0.0,0.0,0.0,.015,,-6.2,-1.6,-7.9,-0.1
23,D.J. Augustin\augusdj01,PG,30,ORL,21,425,15.4,.629,.453,.427,1.3,8.4,4.9,24.7,2.0,0.0,19.2,17.6,,0.8,0.2,1.0,.116,,1.1,-2.2,-1.2,0.1
24,Luke Babbitt\babbilu01,SF,28,ATL,24,459,12.5,.647,.642,.112,1.0,15.6,8.2,6.2,0.7,0.8,9.1,14.8,,0.7,0.1,0.8,.087,,0.6,-2.3,-1.7,0.0
25,Dwayne Bacon\bacondw01,SG,22,CHO,25,436,5.0,.433,.274,.104,0.2,20.2,10.1,6.6,0.9,0.4,11.2,12.4,,-0.4,0.4,0.0,.002,,-5.6,0.6,-5.0,-0.3
26,Ron Baker\bakerro01,SG,24,NYK,9,130,12.7,.608,.556,.944,0.0,4.3,2.2,23.6,3.8,0.7,26.1,11.6,,0.2,0.2,0.3,.115,,-0.6,-0.7,-1.2,0.0
27,Lonzo Ball\balllo01,PG,20,LAL,26,861,10.9,.394,.446,.133,4.4,17.5,10.9,29.2,2.0,2.3,18.3,17.4,,-0.8,1.3,0.5,.026,,-2.6,2.5,-0.1,0.4
28,J.J. Barea\bareajo01,PG,33,DAL,28,631,18.4,.550,.476,.192,1.2,14.3,7.5,41.9,1.2,0.1,15.5,26.4,,0.9,0.5,1.4,.109,,3.2,-1.5,1.6,0.6
29,Harrison Barnes\barneha02,PF,25,DAL,28,982,15.9,.535,.230,.295,3.5,20.1,11.5,10.1,1.0,0.3,9.4,24.6,,0.7,0.9,1.6,.080,,-1.2,-0.5,-1.7,0.1
30,Will Barton\bartowi01,SG,27,DEN,27,848,17.8,.577,.414,.239,3.0,16.1,9.4,17.2,1.8,1.5,11.4,21.0,,1.7,0.7,2.4,.137,,2.4,-0.4,2.0,0.9
31,Nicolas Batum\batumni01,SG,29,CHO,12,353,11.0,.466,.415,.229,2.1,13.7,7.8,22.8,1.5,1.0,16.1,19.0,,-0.2,0.4,0.2,.029,,-1.9,0.5,-1.3,0.1
32,Jerryd Bayless\bayleje01,SG,29,PHI,21,557,8.1,.549,.549,.216,1.4,8.3,4.9,9.2,1.2,0.4,14.3,14.6,,0.2,0.3,0.6,.050,,-1.4,-1.2,-2.6,-0.1
33,Aron Baynes\baynear01,C,31,BOS,29,514,13.4,.528,.029,.293,11.8,20.6,16.3,7.6,1.0,2.9,16.4,16.5,,0.4,1.0,1.3,.123,,-3.0,2.3,-0.7,0.2
34,Kent Bazemore\bazemke01,SG,28,ATL,27,774,14.2,.528,.380,.330,1.7,16.6,9.1,19.0,3.2,1.7,17.7,21.8,,0.0,0.8,0.8,.049,,-1.1,1.3,0.2,0.4
35,Bradley Beal\bealbr01,SG,24,WAS,27,943,19.8,.558,.329,.305,2.6,10.0,6.3,16.8,1.6,1.2,10.5,30.2,,1.5,0.8,2.3,.119,,2.8,-1.5,1.3,0.8
36,Malik Beasley\beaslma01,SG,21,DEN,24,253,9.3,.505,.432,.198,3.5,14.7,9.0,9.2,0.8,0.7,12.9,17.2,,0.0,0.1,0.2,.030,,-2.6,-2.5,-5.1,-0.2
37,Michael Beasley\beaslmi01,PF,29,NYK,21,323,13.5,.544,.087,.208,8.4,17.9,13.3,9.9,0.5,2.0,19.7,27.5,,-0.2,0.3,0.0,.003,,-3.4,-1.3,-4.7,-0.2
38,Marco Belinelli\belinma01,SG,31,ATL,27,686,14.8,.553,.525,.230,0.8,9.8,5.2,14.7,2.0,0.1,9.3,20.6,,0.9,0.2,1.1,.080,,1.1,-2.4,-1.3,0.1
39,Jordan Bell\belljo01,C,23,GSW,22,248,21.5,.737,.000,.065,11.4,18.4,15.2,13.3,2.3,7.4,20.1,13.9,,0.7,0.5,1.2,.227,,2.2,4.7,6.9,0.6
40,DeAndre' Bembry\bembrde01,SF,23,ATL,13,234,6.8,.455,.203,.257,2.4,14.3,8.3,13.1,2.3,2.7,24.0,20.4,,-0.6,0.2,-0.4,-0.079,,-6.7,0.8,-5.9,-0.2
41,Dragan Bender\bendedr01,PF,20,PHO,29,580,7.3,.507,.667,.119,2.3,15.4,8.8,6.3,0.7,2.5,16.0,12.1,,-0.1,0.2,0.1,.007,,-2.5,-0.4,-2.8,-0.1
42,Davis Bertans\bertada01,PF,25,SAS,24,218,13.9,.585,.789,.132,2.0,14.9,8.4,8.5,1.2,3.1,10.1,18.4,,0.3,0.3,0.6,.133,,1.0,-0.6,0.4,0.1
43,Patrick Beverley\beverpa01,SG,29,LAC,11,334,13.2,.530,.504,.143,5.2,9.9,7.5,14.8,2.8,1.3,16.5,19.9,,0.1,0.3,0.4,.057,,0.7,-0.1,0.6,0.2
44,Khem Birch\birchkh01,C,25,ORL,3,10,10.6,.400,.000,.000,22.0,0.0,10.9,15.8,0.0,0.0,0.0,21.7,,0.0,0.0,0.0,.049,,0.3,-4.4,-4.0,0.0
45,Jabari Bird\birdja01,SG,23,BOS,3,21,7.3,.403,.500,1.250,0.0,10.2,5.2,6.6,2.4,0.0,0.0,13.2,,0.0,0.0,0.0,.068,,-4.1,0.1,-4.0,0.0
46,Bismack Biyombo\biyombi01,C,25,ORL,28,428,10.5,.521,.011,.589,9.8,22.0,16.0,2.9,0.6,5.6,20.9,14.6,,-0.1,0.4,0.3,.038,,-5.5,1.3,-4.3,-0.2
47,Nemanja Bjelica\bjeline01,PF,29,MIN,18,275,18.2,.725,.494,.145,3.3,18.4,10.7,7.3,1.8,1.3,12.8,16.2,,0.7,0.2,1.0,.166,,3.0,-1.0,2.0,0.3
48,Tarik Black\blackta01,C,26,HOU,18,159,14.3,.571,.143,.429,12.3,24.0,18.3,5.6,1.8,4.9,18.1,16.6,,0.2,0.3,0.5,.145,,-2.9,2.4,-0.5,0.1
49,Antonio Blakeney\blakean01,SG,21,CHI,11,163,8.4,.457,.364,.247,1.9,11.7,6.6,7.2,0.6,0.0,8.6,25.4,,-0.2,0.1,-0.2,-0.051,,-4.8,-4.4,-9.1,-0.3
50,Eric Bledsoe\bledser01,PG,28,TOT,18,554,19.2,.545,.335,.391,3.1,11.1,7.1,21.3,3.2,2.1,14.4,27.8,,0.4,0.6,1.1,.091,,1.3,-0.8,0.5,0.4
50,Eric Bledsoe\bledser01,PG,28,PHO,3,83,13.5,.509,.325,.350,3.7,5.1,4.4,17.3,2.3,1.9,17.8,28.2,,-0.1,0.0,0.0,-0.014,,-1.8,-2.7,-4.5,0.0
50,Eric Bledsoe\bledser01,PG,28,MIL,15,471,20.2,.552,.337,.399,3.0,12.2,7.6,22.0,3.3,2.1,13.8,27.8,,0.5,0.6,1.1,.110,,1.8,-0.4,1.4,0.4
51,Vander Blue\blueva01,SG,25,LAL,4,28,-3.2,.333,.000,.000,0.0,3.8,1.9,4.5,0.0,0.0,40.0,7.4,,-0.1,0.0,-0.1,-0.096,,-9.3,-1.2,-10.5,-0.1
52,Bogdan Bogdanovic\bogdabo01,SG,25,SAC,24,583,12.6,.536,.409,.172,1.5,9.4,5.3,14.5,2.4,1.3,14.8,19.8,,0.1,0.4,0.4,.036,,-0.9,-0.9,-1.8,0.0
53,Bojan Bogdanovic\bogdabo02,SF,28,IND,27,854,13.8,.618,.466,.190,0.9,9.7,5.4,5.9,0.9,0.1,8.3,17.9,,1.5,0.3,1.9,.105,,1.8,-2.3,-0.5,0.3
54,Andrew Bogut\bogutan01,C,33,LAL,16,123,11.3,.600,.000,.000,10.3,29.1,19.7,10.7,1.5,6.5,42.3,8.8,,0.0,0.3,0.2,.090,,-5.2,5.6,0.4,0.1
55,Joel Bolomboy\bolomjo01,PF,24,MIL,5,31,8.1,.377,.250,1.500,19.2,11.6,15.4,0.0,3.3,0.0,23.1,12.9,,0.0,0.0,0.0,.013,,-4.7,-4.0,-8.7,-0.1
56,Devin Booker\bookede01,SG,21,PHO,25,851,19.5,.573,.345,.294,1.7,12.4,7.0,21.0,1.3,0.7,13.0,29.8,,1.5,0.2,1.7,.098,,3.5,-2.7,0.8,0.6
57,Trevor Booker\booketr01,PF,30,TOT,21,459,17.8,.562,.081,.312,11.1,20.9,15.9,16.1,1.1,1.4,14.7,21.0,,0.7,0.5,1.1,.120,,-0.1,1.0,0.9,0.3
57,Trevor Booker\booketr01,PF,30,BRK,18,395,15.5,.536,.087,.287,9.8,21.5,15.6,15.7,1.0,1.0,15.1,21.0,,0.3,0.4,0.7,.084,,-1.3,0.8,-0.5,0.2
57,Trevor Booker\booketr01,PF,30,PHI,3,64,32.3,.718,.043,.478,18.6,17.7,18.1,18.3,2.2,3.9,12.6,20.7,,0.4,0.1,0.5,.338,,6.7,2.4,9.0,0.2
58,Avery Bradley\bradlav01,SG,27,DET,27,850,11.7,.524,.340,.186,2.0,7.0,4.4,9.9,2.0,0.5,14.1,24.1,,-0.2,0.8,0.5,.031,,-1.6,-0.9,-2.6,-0.1
59,Tony Bradley\bradlto01,C,20,UTA,7,21,2.2,.202,.111,.222,16.1,28.3,22.0,6.5,0.0,0.0,0.0,21.3,,-0.1,0.0,-0.1,-0.130,,-10.5,-3.4,-14.0,-0.1
60,Corey Brewer\breweco01,SF,31,LAL,26,298,7.6,.493,.276,.310,1.8,9.5,5.6,8.0,3.1,1.1,17.5,11.2,,-0.1,0.4,0.3,.052,,-4.1,1.7,-2.4,0.0
61,Malcolm Brogdon\brogdma01,PG,25,MIL,24,725,14.6,.565,.340,.151,0.8,10.1,5.4,19.2,1.6,0.5,11.0,19.8,,1.0,0.4,1.4,.090,,0.9,-2.7,-1.8,0.0
62,Aaron Brooks\brookaa01,PG,33,MIN,11,53,16.5,.594,.476,.095,4.3,8.9,6.6,20.8,0.9,0.0,8.4,19.8,,0.1,0.0,0.2,.143,,3.4,-4.2,-0.8,0.0
63,Dillon Brooks\brookdi01,SF,22,MEM,27,763,7.6,.545,.343,.183,2.6,11.6,7.1,7.1,1.6,1.3,17.1,13.9,,-0.1,0.5,0.4,.025,,-2.6,0.4,-2.2,0.0
64,Bobby Brown\brownbo02,PG,33,HOU,16,102,3.8,.401,.673,.041,0.0,7.7,3.9,14.5,1.4,0.0,13.8,24.6,,-0.3,0.1,-0.2,-0.090,,-5.9,-3.9,-9.8,-0.2
65,Jaylen Brown\brownja02,SF,21,BOS,27,844,13.7,.555,.380,.307,3.9,16.4,10.3,6.7,1.7,0.7,11.2,21.2,,0.5,1.4,1.9,.110,,-0.7,0.4,-0.2,0.4
66,Lorenzo Brown\brownlo01,PG,27,TOR,6,49,5.9,.167,.500,.000,0.0,16.1,8.3,12.3,4.0,0.0,0.0,5.4,,0.0,0.1,0.0,.046,,-3.9,3.8,-0.1,0.0
67,Sterling Brown\brownst02,SG,22,MIL,5,29,8.1,.375,.333,.000,8.2,12.4,10.3,10.3,3.5,0.0,7.7,20.7,,0.0,0.0,0.0,-0.029,,-3.7,-2.0,-5.7,0.0
68,Nicolas Brussino\brussni01,SF,24,ATL,4,10,-4.7,.000,1.000,.000,0.0,34.7,17.1,0.0,0.0,0.0,0.0,8.8,,0.0,0.0,0.0,-0.190,,-13.4,-5.3,-18.7,0.0
69,Reggie Bullock\bullore01,SF,26,DET,13,195,7.8,.410,.526,.132,2.8,5.4,4.0,8.4,2.8,0.9,6.9,9.7,,0.0,0.2,0.2,.046,,-2.6,1.5,-1.1,0.0
70,Alec Burks\burksal01,SG,26,UTA,26,514,17.5,.569,.335,.288,1.8,16.7,9.0,10.9,2.4,1.2,9.5,23.3,,0.7,0.7,1.4,.135,,0.1,0.0,0.1,0.3
71,Jimmy Butler\butleji01,SG,28,MIN,26,972,20.0,.556,.221,.335,3.9,13.4,8.6,19.8,2.4,0.6,9.8,23.2,,2.2,0.7,2.9,.146,,3.1,-0.2,2.9,1.2
72,Bruno Caboclo\cabocbr01,SF,22,TOR,2,7,-0.1,.000,1.000,.000,0.0,16.1,8.3,16.8,7.0,0.0,0.0,12.6,,0.0,0.0,0.0,-0.120,,-6.4,4.5,-1.9,0.0
73,Jose Calderon\caldejo01,PG,36,CLE,19,311,8.8,.633,.569,.157,1.1,7.0,4.2,13.6,1.7,0.0,20.4,9.8,,0.3,0.1,0.5,.071,,-0.6,-1.6,-2.2,0.0
74,Kentavious Caldwell-Pope\caldwke01,SG,24,LAL,24,829,12.8,.537,.510,.226,2.7,12.3,7.5,9.6,2.4,0.7,11.2,17.9,,0.5,1.1,1.5,.089,,0.0,0.6,0.7,0.6
75,Isaiah Canaan\canaais01,SG,26,HOU,1,4,-7.3,.000,.000,.000,0.0,28.1,14.2,0.0,0.0,0.0,0.0,10.9,,0.0,0.0,0.0,-0.219,,-16.8,-3.8,-20.6,0.0
76,Clint Capela\capelca01,C,23,HOU,25,629,26.9,.679,.005,.364,14.7,35.0,25.0,8.1,1.5,6.1,13.4,20.1,,2.3,1.3,3.6,.278,,1.2,3.7,4.9,1.1
77,DeMarre Carroll\carrode01,SF,31,BRK,24,708,14.4,.543,.488,.377,5.6,19.7,12.6,8.5,1.5,1.1,10.6,19.4,,0.7,0.7,1.5,.099,,0.1,0.3,0.4,0.4
78,Vince Carter\cartevi01,SF,41,SAC,17,223,6.0,.409,.554,.107,1.5,10.7,5.9,7.7,1.6,3.4,9.3,13.0,,-0.2,0.1,-0.1,-0.017,,-4.3,0.2,-4.0,-0.1
79,Michael Carter-Williams\cartemi01,PG,26,CHO,15,259,8.7,.412,.203,.486,5.3,12.8,9.1,20.3,2.8,1.3,19.7,18.7,,-0.3,0.4,0.0,.007,,-4.1,2.1,-2.0,0.0
80,Alex Caruso\carusal01,PG,23,LAL,2,19,4.8,.500,.000,.000,0.0,11.1,5.5,26.9,0.0,0.0,50.0,8.8,,0.0,0.0,0.0,-0.024,,-8.1,-2.7,-10.8,0.0
81,Omri Casspi\casspom01,SF,29,GSW,24,353,16.1,.656,.138,.362,3.5,25.0,15.2,9.3,0.9,2.7,12.1,15.2,,0.7,0.5,1.3,.172,,-0.6,0.5,-0.1,0.2
82,Willie Cauley-Stein\caulewi01,C,24,SAC,24,595,16.9,.529,.029,.301,7.7,20.1,13.6,14.3,1.5,3.8,13.0,20.3,,0.5,0.5,1.0,.084,,-1.5,1.6,0.1,0.3
83,Tyler Cavanaugh\cavanty01,PF,23,ATL,18,254,15.4,.615,.583,.167,8.9,17.7,13.3,12.3,1.0,0.7,9.4,14.8,,0.6,0.1,0.7,.139,,2.4,-1.4,1.0,0.2
84,Mario Chalmers\chalmma01,PG,31,MEM,26,598,9.8,.462,.399,.322,0.8,13.8,7.2,23.9,2.8,0.6,17.1,19.6,,-0.4,0.6,0.2,.014,,-2.8,0.0,-2.7,-0.1
85,Tyson Chandler\chandty01,C,35,PHO,21,548,15.6,.668,.000,.490,11.7,27.4,19.4,5.4,0.8,2.1,17.1,10.7,,1.1,0.4,1.5,.133,,-0.3,0.5,0.2,0.3
86,Wilson Chandler\chandwi01,SF,30,DEN,23,687,10.5,.527,.404,.218,4.9,12.3,8.6,11.3,0.7,1.0,13.8,15.0,,0.6,0.3,0.9,.061,,-0.6,-1.0,-1.6,0.1
87,Marquese Chriss\chrisma01,PF,20,PHO,29,587,11.2,.507,.386,.265,4.6,20.0,12.1,8.5,1.4,4.1,13.5,15.2,,0.1,0.5,0.6,.052,,-2.1,1.2,-0.9,0.2
88,Ian Clark\clarkia01,SG,26,NOP,24,361,6.9,.472,.522,.115,0.6,9.3,5.1,11.9,1.2,0.5,11.9,16.2,,-0.2,0.1,-0.1,-0.009,,-3.2,-2.3,-5.5,-0.3
89,Jordan Clarkson\clarkjo01,SG,25,LAL,26,586,19.3,.568,.290,.217,4.1,9.9,7.0,22.8,1.4,0.0,12.2,27.9,,1.0,0.5,1.5,.123,,2.4,-2.3,0.1,0.3
90,Gian Clavell\clavegi01,SG,24,DAL,7,64,7.7,.530,.833,.111,1.7,10.6,6.0,7.0,1.6,0.0,9.6,14.8,,0.0,0.1,0.1,.053,,-1.4,-1.3,-2.7,0.0
91,Antonius Cleveland\clevean01,SG,23,DAL,10,58,8.5,.363,.083,.333,3.7,13.6,8.5,4.9,4.3,6.4,12.7,12.3,,-0.1,0.1,0.0,.028,,-6.9,6.4,-0.4,0.0
92,John Collins\collijo01,PF,20,ATL,21,484,20.4,.622,.006,.270,15.4,19.8,17.6,5.9,1.4,3.4,13.7,20.5,,1.2,0.4,1.6,.154,,0.6,-0.1,0.5,0.3
93,Zach Collins\colliza01,C,20,POR,10,81,1.6,.356,.304,.087,9.6,10.8,10.2,8.9,1.8,3.0,27.4,17.7,,-0.3,0.1,-0.1,-0.079,,-7.0,1.9,-5.1,-0.1
94,Darren Collison\collida01,PG,30,IND,26,803,17.2,.570,.333,.256,2.4,8.8,5.7,28.1,1.9,0.5,12.5,17.1,,2.0,0.6,2.6,.153,,2.4,-1.2,1.2,0.7
95,Nick Collison\collini01,PF,37,OKC,5,24,18.2,.820,.000,.500,13.5,24.6,18.8,19.0,0.0,0.0,29.1,12.4,,0.1,0.0,0.1,.213,,0.4,-0.7,-0.3,0.0
96,Mike Conley\conlemi01,PG,30,MEM,12,373,16.2,.520,.458,.393,0.0,8.6,4.3,23.2,1.7,0.7,8.4,26.8,,0.4,0.2,0.6,.082,,1.6,-3.1,-1.5,0.0
97,Pat Connaughton\connapa01,SG,25,POR,26,523,10.1,.581,.578,.104,1.5,10.7,6.1,8.6,0.4,1.1,10.2,13.1,,0.6,0.5,1.1,.101,,-0.4,-0.5,-0.9,0.1
98,Quinn Cook\cookqu01,PG,24,GSW,6,67,13.8,.651,.500,.056,1.8,9.1,5.8,19.5,0.0,0.0,9.8,13.2,,0.2,0.0,0.2,.151,,1.6,-4.0,-2.4,0.0
99,Charles Cooke\cookech01,SG,23,NOP,3,5,8.7,.250,.500,.000,0.0,0.0,0.0,30.2,9.6,0.0,0.0,34.8,,0.0,0.0,0.0,-0.199,,-6.8,-4.0,-10.8,0.0
100,Jack Cooley\cooleja01,PF,26,SAC,1,2,49.7,.532,.000,2.000,0.0,59.7,28.8,64.0,0.0,0.0,0.0,42.3,,0.0,0.0,0.0,.544,,13.3,6.2,19.5,0.0
101,Matt Costello\costema01,C,24,SAS,1,11,16.5,1.000,.000,.000,0.0,50.8,25.4,0.0,0.0,15.4,0.0,4.1,,0.0,0.0,0.1,.250,,-7.2,4.4,-2.7,0.0
102,DeMarcus Cousins\couside01,C,27,NOP,28,994,23.4,.573,.337,.417,6.6,31.8,19.6,23.5,2.1,3.6,17.9,34.1,,1.0,1.5,2.5,.121,,1.6,2.9,4.5,1.6
103,Robert Covington\covinro01,PF,27,PHI,25,804,15.7,.611,.658,.161,3.5,16.5,10.2,8.7,2.4,2.1,12.8,18.6,,1.1,1.1,2.2,.133,,2.2,1.0,3.2,1.1
104,Allen Crabbe\crabbal01,SG,25,BRK,23,635,11.8,.550,.640,.176,1.8,13.5,7.6,8.1,1.0,0.7,9.5,18.7,,0.5,0.4,0.9,.068,,0.2,-1.1,-0.9,0.2
105,Torrey Craig\craigto01,SF,27,DEN,1,6,-4.9,.000,1.000,.000,0.0,18.8,9.3,0.0,0.0,0.0,0.0,7.2,,0.0,0.0,0.0,-0.153,,-10.4,-4.2,-14.6,0.0
106,Jamal Crawford\crawfja01,SG,37,MIN,28,495,13.9,.529,.441,.216,1.4,6.2,3.7,18.2,1.4,0.4,12.0,24.6,,0.5,0.1,0.6,.055,,0.5,-4.2,-3.7,-0.2
107,Jordan Crawford\crawfjo02,SG,29,NOP,2,37,16.2,.643,.357,.000,6.2,2.9,4.5,36.2,0.0,2.3,22.2,21.2,,0.1,0.0,0.1,.125,,1.5,-5.0,-3.5,0.0
108,Jae Crowder\crowdja01,SF,27,CLE,28,723,9.4,.533,.535,.282,3.6,9.8,6.8,5.5,1.3,0.6,10.6,15.7,,0.4,0.3,0.8,.050,,-0.8,-1.7,-2.5,-0.1
109,Dante Cunningham\cunnida01,SF,30,NOP,27,622,9.3,.530,.549,.195,5.2,14.2,9.9,3.8,1.2,1.1,5.2,10.7,,0.5,0.3,0.9,.066,,-0.9,-0.6,-1.5,0.1
110,Stephen Curry\curryst01,PG,29,GSW,23,750,27.6,.643,.537,.367,2.5,13.8,8.7,30.6,2.5,0.4,12.4,31.1,,3.4,1.0,4.4,.279,,8.8,-1.1,7.6,1.8
111,Troy Daniels\danietr01,SG,26,PHO,29,467,9.8,.601,.810,.051,0.7,6.6,3.6,4.7,0.7,0.0,9.5,15.9,,0.5,-0.1,0.5,.050,,1.2,-4.2,-3.0,-0.1
112,Anthony Davis\davisan02,PF,24,NOP,23,803,28.2,.643,.111,.497,7.8,25.5,16.9,12.6,1.5,4.3,10.2,27.1,,3.1,1.0,4.0,.241,,3.3,1.3,4.6,1.3
113,Deyonta Davis\davisde01,C,21,MEM,14,165,17.6,.644,.000,.268,7.9,25.3,16.5,5.2,1.2,5.6,9.8,14.3,,0.3,0.2,0.6,.167,,-2.0,1.8,-0.1,0.1
114,Ed Davis\davised01,PF,28,POR,26,438,15.3,.538,.000,.435,16.8,28.5,22.7,3.0,1.4,3.3,17.3,13.2,,0.5,0.8,1.3,.147,,-2.7,1.8,-0.9,0.1
115,Dewayne Dedmon\dedmode01,C,28,ATL,20,487,18.2,.661,.190,.209,9.0,27.5,18.2,9.3,0.8,3.2,17.3,18.3,,0.9,0.4,1.3,.131,,0.1,0.6,0.7,0.3
116,Sam Dekker\dekkesa01,SF,23,LAC,21,235,8.0,.419,.434,.181,5.5,15.6,10.4,5.1,1.9,1.9,10.9,18.7,,-0.3,0.2,-0.1,-0.024,,-4.4,-1.4,-5.8,-0.2
117,Malcolm Delaney\delanma01,PG,28,ATL,20,365,7.9,.486,.396,.297,1.5,9.2,5.3,14.6,1.9,0.5,17.6,15.1,,-0.1,0.1,0.0,-0.003,,-3.3,-1.2,-4.5,-0.2
118,Matthew Dellavedova\dellama01,PG,27,MIL,13,260,7.8,.501,.439,.167,3.2,9.7,6.4,22.2,0.6,0.0,22.9,16.3,,-0.1,0.1,0.0,.002,,-2.5,-3.7,-6.2,-0.3
119,Luol Deng\denglu01,SF,32,LAL,1,13,5.6,.500,.000,.000,0.0,0.0,0.0,10.2,3.6,0.0,33.3,9.6,,0.0,0.0,0.0,-0.009,,-7.2,-1.3,-8.5,0.0
120,DeMar DeRozan\derozde01,SG,28,TOR,25,861,22.0,.565,.143,.451,2.5,12.4,7.6,24.6,1.8,0.4,11.1,29.5,,2.3,0.9,3.2,.176,,2.3,-0.3,2.0,0.9
121,Cheick Diallo\diallch01,PF,21,NOP,15,109,9.3,.563,.000,.188,8.5,24.7,16.9,4.0,0.0,0.8,16.8,16.6,,0.0,0.1,0.1,.034,,-5.1,-2.9,-8.1,-0.2
122,Gorgui Dieng\dienggo01,C,28,MIN,25,435,15.9,.572,.181,.323,10.5,21.1,15.7,10.9,2.0,0.8,15.7,17.4,,0.7,0.4,1.0,.115,,0.5,0.1,0.6,0.3
123,Spencer Dinwiddie\dinwisp01,PG,24,BRK,25,663,17.6,.524,.521,.276,2.8,10.3,6.5,38.1,1.3,1.2,10.1,20.5,,1.6,0.5,2.1,.151,,3.4,-1.3,2.0,0.7
124,Tyler Dorsey\dorsety01,SG,21,ATL,9,53,6.7,.506,.706,.235,2.1,15.3,8.6,8.1,0.0,0.0,17.6,18.9,,0.0,0.0,-0.1,-0.046,,-4.0,-4.3,-8.3,-0.1
125,Damyean Dotson\dotsoda01,SG,23,NYK,17,159,9.6,.528,.435,.065,2.2,14.7,8.6,6.3,0.6,0.6,6.0,13.8,,0.1,0.1,0.2,.070,,-1.4,-1.5,-2.9,0.0
126,Goran Dragic\dragigo01,PG,31,MIA,26,823,17.2,.557,.306,.262,2.4,12.2,7.3,24.4,1.4,0.2,12.9,25.6,,1.2,0.7,1.8,.107,,1.4,-1.0,0.4,0.5
127,Andre Drummond\drumman01,C,24,DET,27,895,21.9,.564,.007,.519,16.0,36.0,25.6,17.9,2.3,3.0,20.5,20.3,,1.5,1.8,3.3,.177,,0.5,5.5,6.0,1.8
128,Jared Dudley\dudleja01,PF,32,PHO,12,183,12.8,.609,.649,.297,2.8,15.1,8.9,19.4,1.8,0.8,14.3,11.1,,0.4,0.1,0.5,.120,,1.1,-0.7,0.4,0.1
129,Kris Dunn\dunnkr01,PG,23,CHI,22,617,14.0,.485,.191,.140,2.8,16.3,9.3,31.0,3.4,1.0,18.6,25.5,,-0.7,0.8,0.1,.010,,-1.8,1.8,0.0,0.3
130,Kevin Durant\duranke01,SF,29,GSW,23,793,24.5,.627,.325,.265,2.2,18.4,11.1,23.9,1.0,4.9,14.7,30.2,,2.0,1.2,3.2,.195,,3.5,1.2,4.7,1.3
131,Henry Ellenson\ellenhe01,PF,21,DET,10,92,11.1,.495,.444,.022,2.3,29.3,15.3,10.7,1.6,0.0,15.0,25.5,,-0.1,0.1,0.0,.004,,-4.3,-1.2,-5.6,-0.1
132,Wayne Ellington\ellinwa01,SG,30,MIA,26,528,14.1,.617,.884,.092,1.1,9.6,5.4,7.4,1.5,0.2,5.3,16.3,,1.0,0.4,1.4,.127,,2.8,-1.7,1.1,0.4
133,Joel Embiid\embiijo01,C,23,PHI,22,674,24.4,.578,.156,.481,8.7,29.2,19.2,19.8,1.1,5.2,15.9,33.1,,1.2,1.1,2.3,.167,,1.0,2.6,3.6,1.0
134,James Ennis\ennisja01,SF,27,MEM,26,646,11.4,.615,.403,.318,5.5,11.5,8.5,6.8,1.4,0.7,13.0,12.2,,0.9,0.4,1.3,.096,,0.0,-0.2,-0.3,0.3
135,Tyler Ennis\ennisty01,PG,23,LAL,12,66,9.3,.421,.227,.182,1.6,12.8,7.2,19.1,2.8,1.2,14.4,17.5,,-0.1,0.1,0.0,.025,,-5.1,0.4,-4.6,0.0
136,Jawun Evans\evansja01,PG,21,LAC,18,233,7.7,.454,.253,.291,0.5,11.3,5.7,15.5,1.9,1.1,15.2,19.7,,-0.2,0.1,-0.1,-0.019,,-4.6,-1.6,-6.2,-0.2
137,Tyreke Evans\evansty01,SG,28,MEM,27,805,21.3,.574,.334,.244,3.5,16.3,9.9,26.3,1.6,1.4,11.2,27.8,,1.6,0.7,2.3,.136,,4.0,-0.5,3.5,1.1
138,Kenneth Faried\farieke01,PF,28,DEN,23,377,19.3,.618,.009,.381,14.2,21.3,17.7,4.9,1.0,2.3,12.0,17.1,,1.0,0.3,1.3,.169,,0.1,-1.2,-1.1,0.1
139,Derrick Favors\favorde01,PF,26,UTA,27,749,19.1,.596,.075,.295,9.3,18.3,13.7,10.4,1.4,3.1,12.2,19.8,,1.6,1.0,2.6,.166,,0.6,1.9,2.5,0.9
140,Kay Felder\feldeka01,PG,22,CHI,14,134,4.0,.386,.273,.182,0.8,10.8,5.6,24.2,1.1,0.7,17.4,28.5,,-0.5,0.1,-0.5,-0.164,,-7.9,-3.1,-10.9,-0.3
141,Cristiano Felicio\feliccr01,C,25,CHI,21,310,10.6,.628,.000,.379,7.9,13.3,10.5,6.4,0.6,1.1,18.1,11.8,,0.4,0.2,0.5,.081,,-2.9,-0.3,-3.1,-0.1
142,Raymond Felton\feltora01,PG,33,OKC,26,439,12.6,.483,.331,.096,1.5,10.0,5.5,22.6,1.9,0.4,9.4,18.8,,0.3,0.5,0.8,.091,,-1.7,-1.7,-3.3,-0.1
143,Terrance Ferguson\fergute01,SG,19,OKC,16,116,1.8,.402,.500,.083,2.8,3.1,2.9,1.2,1.3,0.8,10.8,10.4,,-0.1,0.1,0.0,-0.006,,-5.5,-1.3,-6.9,-0.1
144,Yogi Ferrell\ferreyo01,SG,24,DAL,28,793,10.1,.549,.461,.233,1.1,10.7,5.7,11.9,1.3,0.3,13.0,15.9,,0.3,0.6,1.0,.058,,-1.3,0.0,-1.3,0.1
145,Dorian Finney-Smith\finnedo01,PF,24,DAL,8,94,5.5,.568,.636,.091,5.6,6.0,5.8,8.1,0.0,1.0,23.4,14.4,,0.0,0.0,0.0,.003,,-2.8,-1.5,-4.4,-0.1
146,Bryn Forbes\forbebr01,SG,24,SAS,28,507,9.7,.536,.506,.114,1.5,6.8,4.2,7.6,0.8,0.3,6.9,16.6,,0.4,0.5,0.8,.076,,-0.6,-2.3,-2.8,-0.1
147,Evan Fournier\fournev01,SF,25,ORL,26,845,17.0,.597,.390,.223,1.8,9.0,5.4,14.9,1.6,0.6,11.1,23.1,,1.5,0.3,1.8,.103,,2.4,-1.9,0.4,0.5
148,De'Aaron Fox\foxde01,PG,20,SAC,27,710,9.8,.455,.137,.207,2.0,11.3,6.5,23.6,1.8,0.9,17.3,22.7,,-1.0,0.4,-0.6,-0.041,,-4.0,-1.2,-5.1,-0.6
149,Tim Frazier\fraziti01,PG,27,WAS,27,487,11.0,.514,.330,.165,2.1,12.9,7.4,28.7,2.5,0.5,26.8,12.8,,0.2,0.6,0.7,.074,,-1.9,0.5,-1.4,0.1
150,Channing Frye\fryech01,C,34,CLE,26,337,12.3,.610,.511,.076,1.8,19.1,10.8,7.7,1.2,1.6,9.5,13.9,,0.5,0.3,0.7,.103,,-0.5,-0.8,-1.3,0.1
151,Markelle Fultz\fultzma01,SG,19,PHI,4,76,3.8,.372,.000,.444,4.3,8.1,6.3,12.9,1.2,1.1,15.7,21.0,,-0.2,0.1,-0.1,-0.089,,-8.3,-1.5,-9.8,-0.2
152,Danilo Gallinari\gallida01,SF,29,LAC,11,349,10.8,.475,.446,.259,0.6,15.1,7.6,12.8,1.1,0.5,9.4,21.4,,0.0,0.1,0.2,.021,,-1.8,-2.3,-4.1,-0.2
153,Langston Galloway\gallola01,SG,26,DET,25,342,14.4,.567,.692,.115,1.3,13.7,7.2,7.7,1.3,0.8,4.9,18.4,,0.6,0.3,0.9,.125,,1.1,-1.6,-0.5,0.1
154,Marc Gasol\gasolma01,C,33,MEM,27,944,17.9,.528,.273,.348,4.4,24.8,14.5,21.8,0.8,3.8,14.3,28.0,,0.4,1.1,1.5,.076,,-0.3,1.6,1.2,0.8
155,Pau Gasol\gasolpa01,C,37,SAS,27,681,20.0,.577,.248,.288,6.2,28.5,17.4,18.9,0.7,4.1,12.7,19.2,,1.4,1.3,2.7,.189,,0.9,3.0,3.9,1.0
156,Rudy Gay\gayru01,SF,31,SAS,26,614,19.8,.575,.216,.302,7.1,19.3,13.2,12.5,2.1,2.3,13.5,24.4,,0.9,1.1,2.0,.158,,0.8,1.2,2.0,0.6
157,Paul George\georgpa01,SF,27,OKC,24,888,17.4,.546,.428,.234,2.3,15.8,8.8,14.8,3.3,1.5,13.0,25.4,,0.8,1.6,2.4,.131,,1.2,1.2,2.4,1.0
158,Marcus Georges-Hunt\georgma01,SG,23,MIN,9,15,8.6,.500,.250,.000,7.6,0.0,3.9,9.7,3.3,0.0,20.0,14.7,,0.0,0.0,0.0,.013,,-1.7,-1.4,-3.1,0.0
159,Taj Gibson\gibsota01,PF,32,MIN,28,937,15.1,.595,.083,.316,9.6,19.9,14.7,6.6,1.3,1.7,13.1,14.0,,1.7,0.7,2.4,.121,,0.7,0.7,1.5,0.8
160,Manu Ginobili\ginobma01,SG,40,SAS,23,490,10.1,.520,.442,.288,1.6,10.0,5.8,17.4,1.5,0.9,18.2,20.6,,-0.1,0.6,0.5,.050,,-1.8,-1.0,-2.7,-0.1
161,Rudy Gobert\goberru01,C,25,UTA,16,510,19.2,.651,.000,.689,9.7,27.1,18.2,6.2,1.0,6.3,18.4,16.9,,1.0,0.9,1.9,.178,,-1.3,3.9,2.6,0.6
162,Aaron Gordon\gordoaa01,PF,22,ORL,25,842,20.1,.611,.414,.323,4.8,21.3,13.1,10.2,1.4,2.0,9.1,21.5,,2.0,0.7,2.7,.154,,2.8,0.0,2.8,1.0
163,Eric Gordon\gordoer01,SG,29,HOU,23,728,14.5,.565,.647,.329,0.8,6.6,3.8,12.1,1.0,1.1,12.3,26.2,,0.9,0.6,1.5,.096,,0.6,-2.9,-2.3,-0.1
164,Marcin Gortat\gortama01,C,33,WAS,27,768,14.9,.556,.000,.297,8.7,25.1,16.9,11.2,1.2,1.9,15.4,14.9,,0.9,1.0,1.9,.120,,-1.2,2.4,1.2,0.6
165,Treveon Graham\grahatr01,SG,24,CHO,16,288,10.9,.563,.426,.221,4.8,8.2,6.5,11.8,1.7,0.0,10.8,12.6,,0.4,0.2,0.6,.107,,0.1,0.1,0.2,0.2
166,Jerami Grant\grantje01,PF,23,OKC,25,545,14.2,.571,.266,.441,6.1,13.9,9.8,5.9,1.6,3.7,11.4,15.3,,0.8,0.8,1.6,.137,,-1.5,1.4,-0.2,0.3
167,Jerian Grant\grantje02,PG,25,CHI,26,622,15.3,.532,.344,.355,2.5,9.9,6.0,33.6,1.8,0.3,14.5,17.6,,1.0,0.4,1.4,.107,,0.2,-1.6,-1.4,0.1
168,Danny Green\greenda02,SG,30,SAS,26,734,11.7,.516,.546,.066,2.0,13.4,7.7,10.4,1.9,3.6,14.0,16.6,,-0.1,1.2,1.1,.075,,-1.1,2.2,1.1,0.6
169,Draymond Green\greendr01,PF,27,GSW,25,805,16.6,.571,.472,.326,4.0,19.5,12.5,28.2,2.3,3.5,23.6,15.5,,1.3,1.4,2.7,.161,,1.3,3.2,4.4,1.3
170,JaMychal Green\greenja01,PF,27,MEM,15,414,11.8,.572,.282,.222,6.8,17.0,11.9,7.7,0.9,0.4,14.6,16.9,,0.3,0.3,0.6,.065,,-1.2,-1.1,-2.3,0.0
171,Jeff Green\greenje02,PF,31,CLE,28,610,17.2,.600,.231,.347,4.7,13.1,9.0,10.6,1.6,1.0,10.1,20.3,,1.4,0.4,1.8,.140,,0.7,-1.4,-0.7,0.2
172,Blake Griffin\griffbl01,PF,28,LAC,19,680,20.6,.542,.329,.388,4.0,21.0,12.3,24.8,1.3,0.8,12.1,30.3,,1.2,0.5,1.7,.120,,3.0,-0.8,2.2,0.7
173,Daniel Hamilton\hamilda02,SG,22,OKC,1,4,-10.5,.000,.000,.000,0.0,0.0,0.0,0.0,0.0,0.0,0.0,10.8,,0.0,0.0,0.0,-0.241,,-14.3,-3.0,-17.2,0.0
174,Tim Hardaway\hardati02,SG,25,NYK,21,716,15.7,.534,.479,.237,2.8,11.0,7.0,15.0,1.7,0.6,9.3,23.6,,1.0,0.6,1.6,.106,,2.6,-1.0,1.7,0.7
175,James Harden\hardeja01,SG,28,HOU,25,897,31.6,.634,.512,.440,1.9,14.2,8.1,48.1,2.5,1.0,14.7,35.8,,5.0,1.3,6.3,.337,,11.0,0.7,11.7,3.1
176,Maurice Harkless\harklma01,SF,24,POR,24,551,8.5,.490,.336,.207,3.6,11.5,7.6,3.9,1.6,3.1,13.1,11.5,,-0.1,0.8,0.8,.066,,-3.0,2.5,-0.5,0.2
177,Montrezl Harrell\harremo01,C,24,LAC,19,212,26.1,.690,.000,.394,11.2,20.5,15.7,10.0,1.4,3.7,8.8,18.9,,0.9,0.2,1.1,.252,,3.1,0.3,3.3,0.3
178,Devin Harris\harride01,PG,34,DAL,22,415,13.8,.533,.403,.416,2.0,10.1,5.9,17.0,2.4,0.9,11.1,21.7,,0.4,0.5,0.8,.098,,-0.3,-0.2,-0.4,0.2
179,Gary Harris\harriga01,SG,23,DEN,25,836,15.6,.579,.477,.147,2.5,7.7,5.1,13.5,2.8,0.9,12.1,19.1,,1.3,0.7,2.0,.113,,2.3,-0.6,1.7,0.8
180,Joe Harris\harrijo01,SG,26,BRK,24,574,12.2,.599,.689,.142,2.0,10.6,6.2,8.2,1.1,0.8,9.8,16.3,,0.7,0.4,1.1,.092,,1.2,-1.0,0.2,0.3
181,Tobias Harris\harrito02,PF,25,DET,27,898,17.7,.586,.423,.144,3.2,15.9,9.3,7.6,1.0,0.5,5.4,21.7,,2.1,0.8,2.9,.154,,2.4,-1.2,1.2,0.7
182,Andrew Harrison\harrian01,PG,23,MEM,21,380,11.4,.517,.402,.318,2.5,9.4,5.9,18.5,2.0,1.5,15.9,17.7,,0.1,0.3,0.4,.049,,-1.8,-0.7,-2.5,0.0
183,Josh Hart\hartjo01,SG,22,LAL,21,292,8.8,.557,.463,.259,2.5,14.1,8.3,4.1,1.9,1.1,13.0,9.9,,0.1,0.4,0.5,.080,,-3.1,0.8,-2.3,0.0
184,Udonis Haslem\hasleud01,C,37,MIA,3,10,15.0,1.000,.000,.000,0.0,11.3,5.7,29.7,0.0,0.0,0.0,4.5,,0.0,0.0,0.0,.229,,0.5,-3.7,-3.2,0.0
185,Gordon Hayward\haywago01,SF,27,BOS,1,5,7.6,.500,.500,.000,0.0,21.4,11.0,0.0,0.0,0.0,0.0,17.9,,0.0,0.0,0.0,.066,,-5.5,-5.8,-11.3,0.0
186,John Henson\hensojo01,C,27,MIL,24,561,14.7,.560,.015,.368,9.4,24.8,17.0,8.7,1.0,6.1,17.2,15.4,,0.4,0.7,1.2,.100,,-2.5,2.3,-0.2,0.3
187,Juan Hernangomez\hernaju01,PF,22,DEN,14,190,10.1,.539,.681,.149,6.9,14.3,10.5,5.8,1.0,0.9,10.7,12.7,,0.2,0.1,0.3,.079,,-0.3,-1.8,-2.1,0.0
188,Willy Hernangomez\hernawi01,C,23,NYK,14,153,16.9,.555,.066,.246,14.6,23.3,19.1,14.0,1.6,3.6,21.9,24.8,,0.0,0.2,0.2,.059,,-1.3,1.9,0.6,0.1
189,Mario Hezonja\hezonma01,SF,22,ORL,21,228,7.3,.487,.469,.063,4.3,15.2,9.8,8.5,1.7,0.7,18.6,15.4,,-0.2,0.1,0.0,-0.010,,-3.7,-0.6,-4.3,-0.1
190,Buddy Hield\hieldbu01,SG,24,SAC,25,578,16.8,.567,.398,.094,2.9,16.3,9.4,12.1,2.5,0.7,12.6,24.7,,0.4,0.5,0.8,.070,,1.0,-1.3,-0.3,0.2
191,Nene Hilario\hilarne01,C,35,HOU,18,253,20.0,.693,.025,.543,6.4,17.8,12.1,11.6,1.9,2.0,16.6,20.7,,0.8,0.4,1.1,.215,,0.2,0.9,1.1,0.2
192,George Hill\hillge01,PG,31,SAC,24,614,13.5,.566,.341,.240,2.0,12.2,6.9,14.8,1.9,0.9,13.5,16.8,,0.6,0.3,0.9,.072,,-0.4,-0.6,-1.0,0.2
193,Darrun Hilliard\hillida01,SG,24,SAS,4,39,-2.4,.190,.286,.286,0.0,8.6,4.3,13.4,2.6,0.0,27.6,12.5,,-0.2,0.1,-0.1,-0.124,,-9.6,0.5,-9.0,-0.1
194,Jrue Holiday\holidjr01,PG,27,NOP,28,1030,15.7,.567,.332,.167,1.8,10.9,6.5,22.4,1.6,1.1,14.6,21.9,,1.3,0.5,1.8,.084,,0.9,-0.9,0.0,0.5
195,Justin Holiday\holidju01,SG,28,CHI,25,848,11.6,.494,.558,.178,1.7,12.8,7.0,9.6,1.9,1.8,8.1,20.0,,-0.1,0.8,0.7,.037,,-0.9,0.1,-0.8,0.3
196,John Holland\hollajo02,SF,29,CLE,4,17,-1.2,.375,.500,.000,0.0,12.9,6.7,0.0,0.0,0.0,20.0,13.1,,0.0,0.0,0.0,-0.135,,-9.1,-4.9,-14.1,-0.1
197,Rondae Hollis-Jefferson\holliro01,SF,23,BRK,23,635,18.4,.577,.084,.494,5.2,17.1,11.1,10.8,1.4,2.2,10.0,21.1,,1.3,0.7,1.9,.146,,-0.4,1.0,0.6,0.4
198,Richaun Holmes\holmeri01,C,24,PHI,13,208,17.1,.591,.222,.264,8.9,21.8,15.5,8.2,0.9,2.4,6.9,17.3,,0.5,0.2,0.7,.169,,0.1,-0.3,-0.2,0.1
199,Rodney Hood\hoodro01,SG,25,UTA,18,509,15.5,.556,.479,.189,1.1,9.8,5.3,11.3,1.3,0.7,10.9,28.7,,0.3,0.5,0.8,.071,,0.7,-2.8,-2.1,0.0
200,Al Horford\horfoal01,C,31,BOS,27,882,19.9,.622,.331,.185,4.5,21.8,13.4,26.8,0.9,2.7,15.6,18.3,,2.2,1.6,3.8,.207,,2.6,3.2,5.8,1.7
201,Danuel House\houseda01,SG,24,PHO,1,11,-3.3,.333,.667,.000,0.0,9.7,4.8,0.0,0.0,0.0,25.0,15.1,,0.0,0.0,0.0,-0.210,,-9.9,-5.3,-15.2,0.0
202,Dwight Howard\howardw01,C,32,CHO,26,775,17.8,.564,.004,.712,12.3,31.6,21.9,6.9,0.8,3.8,20.3,25.8,,0.0,1.2,1.2,.075,,-3.6,1.5,-2.1,0.0
203,Josh Huestis\huestjo01,PF,26,OKC,20,221,4.7,.447,.725,.118,3.9,12.8,8.2,4.5,1.4,3.9,19.5,13.0,,-0.3,0.3,0.0,.010,,-5.0,1.0,-4.0,-0.1
204,Vince Hunter\huntevi01,PF,23,MEM,2,5,34.8,1.000,.000,.000,23.6,23.9,23.7,0.0,0.0,0.0,33.3,27.9,,0.0,0.0,0.0,.135,,1.8,-9.7,-7.9,0.0
205,Serge Ibaka\ibakase01,PF,28,TOR,23,632,15.3,.593,.438,.146,3.0,19.6,11.5,3.4,0.6,4.4,8.9,19.6,,0.8,0.8,1.6,.121,,-0.2,0.3,0.1,0.3
206,Andre Iguodala\iguodan01,SF,34,GSW,24,636,10.9,.541,.372,.314,4.6,11.6,8.5,13.5,1.3,1.9,15.4,11.1,,0.7,0.7,1.4,.103,,-0.1,0.8,0.8,0.4
207,Ersan Ilyasova\ilyaser01,PF,30,ATL,16,358,15.1,.532,.479,.165,7.2,16.5,11.8,7.6,2.7,1.5,5.8,16.9,,0.5,0.3,0.8,.107,,0.8,0.1,0.9,0.3
208,Joe Ingles\inglejo01,SF,30,UTA,27,806,14.0,.616,.686,.080,1.0,14.3,7.5,20.6,2.0,0.6,16.7,15.8,,1.1,1.0,2.1,.125,,2.0,0.6,2.6,0.9
209,Brandon Ingram\ingrabr01,SF,20,LAL,26,889,11.9,.507,.122,.397,3.3,13.9,8.6,13.2,1.2,1.8,14.4,22.2,,-0.2,1.0,0.8,.046,,-3.2,0.4,-2.7,-0.2
210,Kyrie Irving\irvinky01,PG,25,BOS,27,863,25.1,.601,.326,.257,1.8,8.4,5.2,29.8,2.2,0.8,10.3,30.8,,2.8,1.4,4.2,.233,,6.4,-0.5,5.9,1.7
211,Jonathan Isaac\isaacjo01,PF,20,ORL,12,239,12.3,.543,.279,.230,5.1,19.1,12.1,5.8,1.6,4.8,15.2,14.4,,0.1,0.3,0.3,.067,,-3.1,2.1,-0.9,0.1
212,Wesley Iwundu\iwundwe01,SF,23,ORL,10,83,2.6,.329,.154,.115,2.7,14.4,8.6,9.8,1.2,0.0,9.9,15.9,,-0.2,0.0,-0.2,-0.094,,-7.5,-1.6,-9.1,-0.1
213,Jarrett Jack\jackja01,PG,34,NYK,25,653,10.7,.472,.185,.134,1.3,13.3,7.4,32.0,0.8,0.1,20.9,14.1,,0.3,0.4,0.7,.052,,-1.9,-1.0,-2.9,-0.1
214,Demetrius Jackson\jacksde01,PG,23,HOU,12,63,-0.6,.286,.429,.000,7.3,12.5,9.9,10.5,3.1,1.4,41.7,16.5,,-0.3,0.1,-0.2,-0.153,,-9.6,2.5,-7.1,-0.1
215,Josh Jackson\jacksjo02,SF,20,PHO,29,643,7.4,.445,.273,.342,4.2,12.9,8.5,7.7,2.4,0.7,16.2,23.1,,-1.3,0.4,-0.9,-0.068,,-4.7,-1.4,-6.1,-0.7
216,Justin Jackson\jacksju01,SF,22,SAC,18,343,6.5,.468,.434,.088,2.9,8.4,5.5,4.5,0.4,0.8,10.0,17.1,,-0.3,0.0,-0.3,-0.037,,-3.7,-3.2,-6.9,-0.4
217,Reggie Jackson\jacksre01,PG,27,DET,27,745,18.6,.562,.302,.257,3.2,8.7,5.8,31.7,1.3,0.2,14.7,26.0,,1.5,0.6,2.0,.132,,2.6,-1.8,0.9,0.5
218,LeBron James\jamesle01,PF,33,CLE,28,1042,31.7,.664,.257,.299,4.0,20.5,12.5,44.9,1.9,2.6,16.1,30.4,,5.1,1.1,6.3,.288,,9.4,2.0,11.5,3.5
219,Mike James\jamesmi02,PG,27,PHO,29,629,15.0,.483,.314,.280,2.0,11.8,6.8,27.4,1.9,0.9,12.3,24.8,,0.2,0.3,0.5,.038,,0.0,-2.0,-2.0,0.0
220,Al Jefferson\jeffeal01,C,33,IND,10,139,21.7,.578,.018,.211,9.0,28.3,18.9,12.3,1.8,4.2,11.4,22.2,,0.3,0.2,0.5,.175,,-0.7,1.9,1.2,0.1
221,Richard Jefferson\jefferi01,SF,37,DEN,8,56,4.7,.362,.385,.385,0.0,6.1,3.0,16.6,0.0,0.0,0.0,11.7,,0.0,0.0,0.0,.002,,-4.3,-4.7,-8.9,-0.1
222,Jonas Jerebko\jerebjo01,PF,30,UTA,22,371,14.4,.623,.481,.096,5.8,20.5,12.9,7.6,1.1,0.7,7.7,14.3,,0.8,0.4,1.2,.156,,1.0,-0.2,0.8,0.3
223,Amir Johnson\johnsam01,C,30,PHI,25,390,14.1,.521,.143,.341,13.6,21.6,17.7,12.2,2.1,4.1,18.7,13.7,,0.4,0.6,1.0,.122,,-1.3,3.6,2.3,0.4
224,Brice Johnson\johnsbr02,PF,23,LAC,7,28,19.6,.676,.125,.250,3.9,32.6,17.9,5.8,7.1,3.1,25.3,18.6,,0.0,0.1,0.1,.158,,-2.7,5.0,2.4,0.0
225,Dakari Johnson\johnsda04,C,22,OKC,12,77,14.8,.514,.000,.571,11.2,7.7,9.5,10.0,1.9,4.9,7.1,15.9,,0.1,0.1,0.3,.160,,-1.6,1.7,0.1,0.0
226,James Johnson\johnsja01,PF,30,MIA,25,693,15.7,.582,.308,.327,3.6,17.1,10.4,23.7,1.9,2.3,20.4,19.9,,0.7,0.9,1.6,.108,,-0.1,2.1,2.0,0.7
227,Joe Johnson\johnsjo02,SF,36,UTA,7,134,8.1,.448,.370,.152,3.4,13.3,8.2,12.8,1.5,1.3,16.9,20.0,,-0.2,0.1,-0.1,-0.019,,-4.5,-0.2,-4.7,-0.1
228,Stanley Johnson\johnsst04,SF,21,DET,24,680,6.8,.452,.486,.185,1.4,12.9,6.9,6.6,2.3,0.6,10.9,13.6,,-0.4,0.8,0.4,.030,,-3.0,1.5,-1.5,0.1
229,Tyler Johnson\johnsty01,PG,25,MIA,25,686,12.2,.543,.502,.205,1.7,11.5,6.6,11.2,1.1,2.4,11.0,18.6,,0.4,0.6,1.1,.076,,-0.8,0.2,-0.6,0.2
230,Wesley Johnson\johnswe01,SF,30,LAC,25,640,10.1,.518,.488,.177,2.0,13.6,7.6,6.0,2.1,3.8,12.8,13.9,,0.0,0.6,0.6,.046,,-1.8,1.6,-0.2,0.3
231,Nikola Jokic\jokicni01,C,22,DEN,21,618,24.8,.609,.286,.245,9.8,30.7,20.1,24.8,2.3,1.8,14.7,21.8,,2.0,0.9,2.9,.224,,4.6,2.5,7.1,1.4
232,Derrick Jones\jonesde02,SF,20,PHO,6,33,18.6,.678,.500,1.500,6.3,6.5,6.4,12.0,1.4,9.4,13.1,9.6,,0.1,0.0,0.1,.177,,0.8,3.2,4.0,0.1
233,Jalen Jones\jonesja04,SF,24,NOP,4,19,5.2,.512,.250,.500,0.0,17.0,8.8,0.0,0.0,0.0,0.0,11.2,,0.0,0.0,0.0,.042,,-5.9,-5.2,-11.2,0.0
234,Tyus Jones\jonesty01,PG,21,MIN,28,478,13.5,.551,.386,.284,1.4,11.3,6.3,21.4,3.2,0.4,13.9,10.6,,0.7,0.4,1.1,.115,,0.4,0.2,0.6,0.3
235,DeAndre Jordan\jordade01,C,29,LAC,25,813,19.3,.673,.000,.411,16.2,33.4,24.6,5.1,0.8,3.0,19.2,13.2,,2.0,0.9,2.9,.168,,0.4,1.0,1.4,0.7
236,Cory Joseph\josepco01,PG,26,IND,27,669,11.9,.526,.378,.168,1.0,10.6,5.9,16.5,2.0,0.8,12.7,14.9,,0.6,0.5,1.1,.077,,-0.6,-0.2,-0.7,0.2
237,Frank Kaminsky\kaminfr01,PF,24,CHO,23,531,13.1,.518,.360,.232,2.4,16.2,9.2,10.4,0.8,0.8,7.6,20.5,,0.4,0.5,0.9,.077,,-1.0,-0.8,-1.9,0.0
238,Enes Kanter\kanteen01,C,25,NYK,24,620,23.6,.641,.004,.218,16.7,28.7,22.9,8.7,1.1,1.5,14.0,20.6,,1.9,0.8,2.8,.213,,2.9,0.5,3.5,0.9
239,Luke Kennard\kennalu01,SG,21,DET,22,359,9.8,.525,.446,.124,0.9,9.8,5.2,10.1,1.8,0.2,14.1,18.2,,-0.1,0.3,0.3,.037,,-2.4,-0.9,-3.3,-0.1
240,Michael Kidd-Gilchrist\kiddgmi01,SF,24,CHO,20,533,13.4,.525,.006,.229,4.2,13.9,9.0,5.4,1.5,2.5,4.2,15.5,,0.6,0.6,1.2,.107,,-2.1,1.6,-0.5,0.2
241,Sean Kilpatrick\kilpase01,SG,28,BRK,16,183,5.4,.419,.488,.221,0.6,19.4,9.9,12.2,0.5,0.4,14.5,25.2,,-0.5,0.1,-0.3,-0.092,,-6.5,-2.4,-9.0,-0.3
242,Maxi Kleber\klebima01,PF,26,DAL,22,386,13.0,.609,.374,.209,6.6,14.6,10.5,3.6,0.7,2.6,7.5,12.6,,0.6,0.4,1.0,.123,,-0.9,0.5,-0.4,0.2
243,Furkan Korkmaz\korkmfu01,SG,20,PHI,6,32,4.3,.349,.667,.167,6.8,12.9,9.9,8.5,1.5,0.0,7.2,18.1,,0.0,0.0,0.0,-0.025,,-4.1,-2.5,-6.7,0.0
244,Kyle Korver\korveky01,SG,36,CLE,28,630,15.3,.676,.810,.171,0.6,9.5,5.2,6.8,0.9,1.5,8.7,17.1,,1.5,0.2,1.7,.131,,3.5,-2.6,0.8,0.5
245,Kosta Koufos\koufoko01,C,28,SAC,27,493,14.7,.532,.000,.371,10.1,27.1,18.3,9.4,1.4,2.9,12.8,12.8,,0.5,0.5,1.0,.100,,-2.4,1.8,-0.6,0.2
246,Kyle Kuzma\kuzmaky01,PF,22,LAL,25,760,15.5,.579,.344,.197,5.5,17.5,11.5,8.0,0.6,0.6,11.5,21.5,,1.0,0.7,1.7,.108,,0.2,-1.5,-1.4,0.1
247,Mindaugas Kuzminskas\kuzmimi01,SF,28,NYK,1,2,-41.9,.000,.000,.000,0.0,0.0,0.0,0.0,0.0,0.0,0.0,43.8,,0.0,0.0,0.0,-1.031,,-36.5,-12.1,-48.7,0.0
248,Skal Labissiere\labissk01,PF,21,SAC,25,421,13.6,.492,.052,.250,9.0,19.6,14.1,7.1,1.3,3.4,13.2,23.5,,-0.2,0.3,0.2,.022,,-4.3,-0.7,-5.0,-0.3
249,Jeremy Lamb\lambje01,SG,25,CHO,25,687,16.9,.544,.306,.263,1.8,17.3,9.5,18.3,1.4,1.5,11.0,24.0,,0.8,0.8,1.6,.110,,0.6,0.5,1.2,0.5
250,Shane Larkin\larkish01,PG,25,BOS,20,208,8.0,.412,.403,.239,1.6,8.7,5.3,17.7,1.9,0.0,6.3,17.0,,0.0,0.3,0.3,.062,,-3.2,-0.7,-3.9,-0.1
251,Joffrey Lauvergne\lauvejo01,C,26,SAS,14,153,12.2,.471,.061,.286,13.9,21.2,17.5,9.1,1.7,0.0,15.3,19.1,,0.0,0.2,0.2,.074,,-3.0,-0.3,-3.3,0.0
252,Jake Layman\laymaja01,SF,23,POR,12,79,6.0,.381,.393,.071,2.8,11.1,7.0,3.8,1.9,2.0,3.3,16.5,,-0.1,0.1,0.0,.012,,-5.0,-0.2,-5.2,-0.1
253,T.J. Leaf\leaftj01,PF,20,IND,23,234,9.9,.520,.310,.099,7.3,11.7,9.5,2.9,1.0,0.7,7.5,15.0,,0.2,0.1,0.3,.061,,-1.7,-2.4,-4.1,-0.1
254,Courtney Lee\leeco01,SG,32,NYK,27,870,14.6,.583,.344,.149,1.8,10.5,6.2,12.6,2.1,0.3,10.1,16.5,,1.5,0.8,2.2,.122,,1.9,0.3,2.2,0.9
255,Alex Len\lenal01,C,24,PHO,24,528,18.8,.595,.000,.634,14.1,28.6,21.3,5.8,0.5,3.4,14.2,16.7,,1.2,0.4,1.6,.148,,-0.8,-0.2,-1.0,0.1
256,Kawhi Leonard\leonaka01,SF,26,SAS,1,16,34.3,.542,.333,.000,7.0,34.9,20.9,15.0,3.2,5.3,0.0,33.7,,0.0,0.0,0.1,.236,,4.7,1.9,6.6,0.0
257,Meyers Leonard\leoname01,PF,25,POR,11,129,19.9,.690,.289,.178,4.3,22.9,13.7,8.1,0.8,0.0,5.8,17.4,,0.5,0.2,0.6,.237,,2.3,-1.2,1.0,0.1
258,Jon Leuer\leuerjo01,PF,28,DET,8,136,8.9,.505,.083,.417,5.5,21.5,13.2,5.3,0.4,1.9,15.8,16.3,,0.0,0.1,0.1,.046,,-5.5,0.0,-5.6,-0.1
259,Caris LeVert\leverca01,SF,23,BRK,26,685,12.7,.512,.354,.287,1.9,12.4,7.1,22.3,2.3,1.2,16.9,21.0,,0.0,0.7,0.7,.048,,-1.3,0.8,-0.6,0.2
260,DeAndre Liggins\liggide01,SG,29,MIL,22,354,4.8,.427,.556,.093,1.0,10.2,5.6,6.4,2.8,2.0,17.6,8.9,,-0.3,0.4,0.0,.006,,-3.5,1.0,-2.6,-0.1
261,Damian Lillard\lillada01,PG,27,POR,26,967,24.2,.576,.419,.370,3.0,12.0,7.5,29.7,1.3,1.0,11.4,30.5,,3.2,1.1,4.4,.216,,6.7,-0.5,6.3,2.0
262,Jeremy Lin\linje01,PG,29,BRK,1,25,16.2,.597,.167,.583,0.0,0.0,0.0,26.4,0.0,0.0,16.6,30.2,,0.1,0.0,0.1,.102,,-2.7,-9.7,-12.4,-0.1
263,Shaun Livingston\livinsh01,PG,32,GSW,25,397,10.8,.518,.018,.182,4.9,7.9,6.6,15.9,1.2,1.6,14.4,15.2,,0.3,0.4,0.7,.084,,-2.1,-0.8,-2.9,-0.1
264,Kevon Looney\looneke01,C,21,GSW,21,206,11.6,.539,.000,.409,10.7,18.2,14.8,4.9,1.6,6.2,18.8,13.5,,0.1,0.4,0.4,.105,,-3.1,2.6,-0.5,0.1
265,Brook Lopez\lopezbr01,C,29,LAL,26,595,17.0,.539,.370,.239,6.0,14.7,10.3,12.2,0.9,5.6,12.4,25.5,,0.4,0.8,1.3,.102,,-0.5,0.9,0.5,0.4
266,Robin Lopez\lopezro01,C,29,CHI,26,786,14.9,.554,.024,.170,9.1,10.5,9.8,11.8,0.4,2.3,14.1,20.3,,0.7,0.4,1.1,.065,,-1.2,-0.1,-1.3,0.1
267,Kevin Love\loveke01,C,29,CLE,27,788,24.2,.612,.390,.432,10.4,29.5,20.3,10.2,1.1,1.2,11.0,26.8,,2.7,0.8,3.5,.212,,3.1,-1.7,1.4,0.7
268,Kyle Lowry\lowryky01,PG,31,TOR,25,828,19.3,.603,.632,.270,2.3,19.5,11.1,30.8,1.4,0.3,16.3,21.6,,2.2,0.9,3.2,.183,,4.9,0.5,5.4,1.6
269,Timothe Luwawu-Cabarrot\luwawti01,SF,22,PHI,26,425,7.2,.505,.554,.236,3.1,7.7,5.5,8.4,0.9,0.2,12.3,18.3,,0.0,0.2,0.2,.026,,-2.1,-2.8,-4.9,-0.3
270,Tyler Lydon\lydonty01,PF,21,DEN,1,2,0.0,,,,0.0,0.0,0.0,0.0,0.0,0.0,,0.0,,0.0,0.0,0.0,-0.011,,-5.4,-0.6,-6.0,0.0
271,Trey Lyles\lylestr01,PF,22,DEN,22,310,18.9,.632,.404,.284,5.7,21.1,13.3,7.5,1.0,2.5,10.9,19.1,,0.8,0.3,1.0,.159,,1.1,-1.5,-0.4,0.1
272,Shelvin Mack\macksh01,PG,27,ORL,21,365,12.3,.457,.310,.241,1.8,10.7,6.3,35.0,1.7,0.4,17.9,14.0,,0.3,0.2,0.5,.064,,-2.1,-2.0,-4.1,-0.2
273,Josh Magette\magetjo01,PG,28,ATL,8,64,12.6,.472,.333,.333,1.8,9.0,5.4,35.6,1.5,0.0,12.7,10.8,,0.1,0.0,0.1,.107,,-1.9,-3.8,-5.7,-0.1
274,Ian Mahinmi\mahinia01,C,31,WAS,26,391,10.1,.562,.000,.577,13.9,14.3,14.1,5.7,1.7,2.5,25.2,13.4,,0.3,0.5,0.7,.091,,-2.0,1.8,-0.2,0.2
275,Thon Maker\makerth01,C,20,MIL,25,477,8.3,.470,.352,.238,6.5,15.3,10.9,5.5,1.7,3.6,14.7,13.2,,-0.1,0.5,0.3,.034,,-3.1,0.5,-2.5,-0.1
276,Boban Marjanovic\marjabo01,C,29,DET,8,62,25.7,.655,.000,.733,13.9,17.0,15.4,15.7,1.6,1.4,20.1,35.2,,0.2,0.1,0.3,.194,,1.7,-0.8,0.9,0.0
277,Lauri Markkanen\markkla01,PF,20,CHI,25,767,14.2,.524,.515,.191,3.6,25.5,14.1,7.0,0.8,1.7,9.1,22.3,,0.2,0.7,0.9,.057,,-1.4,-1.1,-2.5,-0.1
278,Jarell Martin\martija01,PF,23,MEM,25,418,7.3,.458,.284,.183,6.2,15.1,10.6,3.8,1.8,4.0,15.1,15.4,,-0.4,0.5,0.1,.008,,-4.9,1.2,-3.8,-0.2
279,Frank Mason\masonfr01,PG,23,SAC,20,376,13.2,.508,.221,.390,2.4,10.2,6.1,26.7,1.2,0.3,16.3,22.8,,0.1,0.1,0.2,.026,,-1.7,-2.9,-4.6,-0.3
280,Mangok Mathiang\mathima01,C,25,CHO,1,3,-9.7,.000,.000,.000,35.3,35.8,35.5,0.0,0.0,0.0,0.0,28.8,,0.0,0.0,0.0,-0.476,,-22.5,-12.1,-34.6,0.0
281,Wesley Matthews\matthwe02,SG,31,DAL,28,968,10.7,.543,.571,.129,1.0,9.0,4.9,12.8,1.5,0.4,11.4,16.9,,0.4,0.7,1.2,.059,,0.0,-0.1,-0.1,0.5
282,Luc Mbah a Moute\mbahalu01,PF,31,HOU,23,598,9.5,.571,.512,.209,2.5,12.6,7.6,5.1,2.4,1.7,17.6,12.4,,0.1,0.8,1.0,.077,,-1.7,2.0,0.3,0.4
283,James Michael McAdoo\mcadoja01,PF,25,PHI,1,7,6.2,.512,1.000,.500,0.0,0.0,0.0,0.0,0.0,0.0,17.0,35.0,,0.0,0.0,0.0,-0.077,,-3.2,-10.2,-13.5,0.0
284,Patrick McCaw\mccawpa01,SG,22,GSW,24,321,11.6,.603,.464,.130,1.9,5.0,3.6,13.9,2.2,1.0,12.1,11.2,,0.5,0.3,0.8,.123,,0.5,-1.1,-0.6,0.1
285,C.J. McCollum\mccolcj01,SG,26,POR,25,910,16.5,.556,.326,.173,1.8,10.9,6.4,13.0,1.3,0.8,10.3,25.2,,1.2,1.0,2.3,.120,,1.3,-0.7,0.6,0.6
286,T.J. McConnell\mccontj01,PG,25,PHI,22,531,13.2,.579,.131,.107,3.1,12.4,7.9,29.7,2.2,0.6,25.6,13.5,,0.5,0.5,1.1,.099,,-1.3,0.2,-1.1,0.1
287,Chris McCullough\mcculch01,PF,22,WAS,6,45,13.1,.449,.238,.381,7.4,22.4,14.9,3.5,0.0,3.9,0.0,24.0,,0.0,0.1,0.1,.077,,-4.2,-3.2,-7.4,-0.1
288,Doug McDermott\mcderdo01,SF,26,NYK,27,651,11.5,.587,.401,.107,3.6,10.6,7.2,6.9,0.4,1.3,8.8,14.4,,1.0,0.3,1.3,.093,,0.8,-0.8,0.0,0.3
289,JaVale McGee\mcgeeja01,C,30,GSW,24,193,19.4,.584,.031,.281,10.8,16.8,14.1,9.2,2.0,7.4,11.1,18.2,,0.4,0.4,0.8,.193,,-0.5,3.0,2.5,0.2
290,Alfonzo McKinnie\mckinal01,SF,25,TOR,8,25,14.2,.751,.500,.500,0.0,22.5,11.6,5.8,0.0,3.3,12.0,14.7,,0.1,0.0,0.1,.180,,0.3,-0.5,-0.2,0.0
291,Ben McLemore\mclembe01,SG,24,MEM,16,304,8.6,.523,.416,.139,2.3,12.2,7.2,8.3,1.4,1.5,14.4,19.1,,-0.2,0.2,0.1,.009,,-3.0,-1.3,-4.2,-0.2
292,Jodie Meeks\meeksjo01,SG,30,WAS,27,451,11.4,.524,.500,.356,1.5,7.2,4.3,5.2,1.8,0.2,7.0,19.4,,0.4,0.3,0.7,.075,,-0.6,-2.3,-2.9,-0.1
293,Salah Mejri\mejrisa01,C,31,DAL,24,267,18.6,.678,.050,.575,11.5,27.5,19.2,6.2,1.3,10.4,18.0,10.4,,0.6,0.6,1.1,.204,,-2.2,7.0,4.8,0.5
294,Jordan Mickey\mickejo01,PF,23,MIA,6,45,14.6,.563,.167,.417,10.2,37.6,24.0,0.0,0.0,5.5,17.4,17.4,,0.0,0.1,0.1,.100,,-8.4,-3.5,-11.8,-0.1
295,Khris Middleton\middlkh01,SF,26,MIL,25,922,17.8,.584,.327,.245,1.9,15.3,8.6,19.3,1.6,0.2,11.9,24.4,,1.7,0.6,2.3,.120,,2.4,-2.1,0.3,0.5
296,C.J. Miles\milescj01,SF,30,TOR,22,407,15.6,.571,.750,.141,1.5,10.0,5.8,5.9,2.0,1.8,6.2,22.6,,0.6,0.5,1.1,.128,,2.8,-1.6,1.1,0.3
297,Darius Miller\milleda01,SF,27,NOP,28,568,11.8,.664,.765,.131,1.0,7.8,4.5,7.4,0.8,0.6,8.5,13.5,,1.0,0.1,1.1,.096,,1.9,-2.6,-0.7,0.2
298,Patty Mills\millspa02,PG,29,SAS,28,712,12.8,.538,.585,.145,1.6,8.6,5.1,20.8,1.6,0.7,14.1,18.3,,0.7,0.8,1.5,.101,,0.9,-1.1,-0.3,0.3
299,Paul Millsap\millspa01,PF,32,DEN,16,475,17.7,.531,.287,.322,5.5,17.8,11.6,15.9,1.8,3.6,12.5,23.9,,0.5,0.5,1.1,.107,,0.2,0.8,1.0,0.4
300,Nikola Mirotic\mirotni01,PF,26,CHI,3,67,24.7,.684,.581,.355,3.1,20.0,11.2,0.0,0.0,2.6,2.7,24.3,,0.2,0.0,0.3,.190,,2.7,-7.1,-4.4,0.0
301,Donovan Mitchell\mitchdo01,SG,21,UTA,27,801,15.5,.524,.422,.184,2.3,9.7,5.9,19.2,2.5,1.3,12.9,28.9,,0.1,1.0,1.1,.067,,0.5,-0.5,0.0,0.4
302,Malik Monk\monkma01,SG,19,CHO,23,377,7.2,.432,.552,.103,0.6,8.5,4.5,16.2,0.9,0.7,9.9,22.0,,-0.5,0.3,-0.2,-0.026,,-2.8,-2.4,-5.2,-0.3
303,Greg Monroe\monrogr01,C,27,TOT,16,324,19.5,.597,.000,.231,10.2,26.7,18.4,16.2,1.3,0.7,16.2,20.3,,0.6,0.3,0.8,.123,,0.1,-0.4,-0.3,0.1
303,Greg Monroe\monrogr01,C,27,MIL,5,79,11.7,.489,.000,.121,9.1,28.8,18.9,10.5,0.0,0.0,14.7,23.8,,-0.1,0.1,0.0,-0.008,,-5.6,-3.8,-9.4,-0.2
303,Greg Monroe\monrogr01,C,27,PHO,11,245,22.0,.637,.000,.274,10.5,26.1,18.2,18.0,1.7,0.9,16.8,19.2,,0.6,0.2,0.8,.165,,1.9,0.7,2.6,0.3
304,E'Twaun Moore\mooreet01,SG,28,NOP,28,903,13.3,.631,.390,.063,3.1,5.8,4.5,9.1,1.5,0.4,10.1,15.8,,1.5,0.2,1.7,.092,,1.8,-1.5,0.3,0.5
305,Eric Moreland\moreler01,PF,26,DET,23,236,10.5,.509,.000,.364,12.8,20.9,16.7,10.1,1.3,5.9,33.7,7.2,,0.1,0.4,0.5,.106,,-3.2,5.5,2.3,0.3
306,Marcus Morris\morrima03,SF,28,BOS,16,387,15.0,.525,.370,.273,2.0,22.4,12.5,10.8,1.3,0.9,8.4,23.3,,0.3,0.7,1.0,.122,,-1.5,0.2,-1.3,0.1
307,Markieff Morris\morrima02,PF,28,WAS,20,464,11.1,.530,.324,.125,4.6,15.0,9.7,7.8,1.2,2.5,14.7,20.7,,-0.1,0.5,0.4,.044,,-2.0,0.0,-2.0,0.0
308,Monte Morris\morrimo01,PG,22,DEN,1,3,-2.5,.000,1.000,.000,0.0,0.0,0.0,40.4,0.0,0.0,0.0,14.4,,0.0,0.0,0.0,-0.196,,-10.0,-12.9,-22.9,0.0
309,Timofey Mozgov\mozgoti01,C,31,BRK,19,260,10.9,.611,.254,.238,9.8,20.5,15.1,1.7,0.5,2.4,24.8,14.9,,0.0,0.2,0.3,.047,,-4.2,-0.8,-5.0,-0.2
310,Emmanuel Mudiay\mudiaem01,PG,21,DEN,27,586,12.0,.510,.325,.291,2.4,11.8,7.0,22.7,1.3,0.4,18.3,23.7,,0.0,0.3,0.3,.027,,-1.8,-2.5,-4.3,-0.3
311,Shabazz Muhammad\muhamsh01,SF,25,MIN,22,250,9.1,.440,.209,.198,5.5,12.2,8.8,4.1,1.0,0.7,2.9,17.9,,0.0,0.1,0.1,.020,,-3.3,-3.2,-6.5,-0.3
312,Dejounte Murray\murrade01,PG,21,SAS,28,503,12.7,.469,.055,.297,7.5,20.2,13.9,19.7,2.1,1.0,18.7,20.5,,-0.2,0.9,0.7,.062,,-3.2,1.8,-1.3,0.1
313,Jamal Murray\murraja01,PG,20,DEN,27,725,15.0,.547,.385,.218,4.4,6.9,5.6,14.0,1.4,1.0,12.7,24.2,,0.9,0.3,1.2,.081,,0.9,-2.8,-1.9,0.0
314,Mike Muscala\muscami01,C,26,ATL,9,202,10.7,.524,.373,.235,6.1,16.6,11.3,6.3,1.7,2.3,12.4,14.0,,0.1,0.1,0.2,.059,,-2.1,0.3,-1.8,0.0
315,Abdel Nader\naderab01,SF,24,BOS,13,100,4.3,.422,.500,.036,2.2,9.6,6.0,5.9,1.5,2.5,17.4,15.4,,-0.2,0.2,0.0,-0.017,,-6.0,1.0,-5.0,-0.1
316,Larry Nance\nancela02,PF,25,LAL,15,355,17.5,.606,.020,.260,10.7,19.9,15.3,6.7,3.2,1.8,13.9,15.2,,0.6,0.7,1.3,.170,,-0.4,2.6,2.2,0.4
317,Shabazz Napier\napiesh01,PG,26,POR,20,325,18.1,.607,.337,.337,1.7,10.8,6.3,14.1,3.2,0.5,10.5,17.9,,0.7,0.5,1.3,.187,,1.5,0.9,2.4,0.4
318,Jameer Nelson\nelsoja01,PG,35,NOP,24,597,9.7,.547,.524,.119,1.4,9.9,5.8,22.1,1.4,0.4,21.8,12.4,,0.4,0.2,0.6,.052,,-1.3,-1.4,-2.6,-0.1
319,Raul Neto\netora01,PG,25,UTA,17,226,13.5,.555,.314,.186,1.0,11.1,5.9,23.2,1.3,0.8,13.7,17.6,,0.3,0.2,0.5,.102,,-1.0,-1.3,-2.3,0.0
320,Joakim Noah\noahjo01,C,32,NYK,2,11,36.4,.644,.000,.667,21.4,30.3,26.0,41.7,4.5,8.4,20.5,19.4,,0.1,0.0,0.1,.368,,7.7,10.0,17.7,0.1
321,Nerlens Noel\noelne01,C,23,DAL,18,225,15.7,.587,.000,.358,12.2,23.6,17.7,4.2,2.2,4.1,19.6,15.4,,0.2,0.4,0.6,.134,,-3.5,2.9,-0.6,0.1
322,Lucas Nogueira\noguelu01,C,25,TOR,17,204,17.1,.648,.213,.191,5.2,20.4,13.0,4.1,2.6,8.2,15.0,13.0,,0.3,0.5,0.7,.170,,-1.1,5.5,4.4,0.3
323,Dirk Nowitzki\nowitdi01,C,39,DAL,28,701,14.9,.553,.383,.140,1.8,23.2,12.2,11.2,1.1,1.1,7.9,19.7,,0.7,0.8,1.5,.102,,-0.8,0.5,-0.3,0.3
324,Frank Ntilikina\ntilila01,PG,19,NYK,24,482,8.2,.441,.315,.199,2.4,9.0,5.8,22.2,3.4,0.6,22.8,18.7,,-0.6,0.6,0.0,-0.005,,-3.0,0.9,-2.1,0.0
325,Jusuf Nurkic\nurkiju01,C,23,POR,24,673,15.1,.490,.015,.320,7.3,23.1,15.2,12.9,1.3,3.6,16.5,28.7,,-0.7,1.2,0.5,.033,,-4.7,2.1,-2.7,-0.1
326,David Nwaba\nwabada01,SG,25,CHI,14,319,17.0,.618,.093,.573,2.9,22.8,12.4,10.9,1.6,3.3,8.7,14.3,,0.6,0.4,1.0,.153,,-1.6,2.3,0.7,0.2
327,Johnny O'Bryant\obryajo01,PF,24,CHO,12,108,14.5,.463,.218,.182,6.9,19.9,13.3,7.9,1.8,2.3,7.8,25.8,,0.0,0.2,0.1,.052,,-3.6,-0.6,-4.3,-0.1
328,Royce O'Neale\onealro01,SF,24,UTA,18,197,9.0,.451,.511,.298,1.7,19.9,10.6,14.6,2.0,0.5,11.6,13.8,,0.0,0.3,0.3,.062,,-3.0,0.9,-2.0,0.0
329,Kyle O'Quinn\oquinky01,C,27,NYK,27,437,18.4,.607,.033,.317,11.3,30.0,20.9,18.5,1.3,5.7,23.9,18.0,,0.6,0.8,1.4,.149,,-0.2,4.9,4.7,0.7
330,Semi Ojeleye\ojelese01,PF,23,BOS,28,388,5.3,.454,.800,.229,5.2,11.6,8.5,2.2,1.0,0.0,9.4,9.8,,0.0,0.5,0.5,.059,,-2.8,-0.2,-3.1,-0.1
331,Jahlil Okafor\okafoja01,C,22,PHI,2,25,9.0,.465,.000,.444,17.3,20.6,19.0,6.0,0.0,6.7,21.8,22.9,,0.0,0.0,0.0,-0.008,,-7.0,0.3,-6.7,0.0
332,Victor Oladipo\oladivi01,SG,25,IND,26,883,23.5,.597,.339,.299,2.2,15.1,8.8,19.4,2.6,2.7,14.0,30.9,,1.7,1.1,2.8,.153,,3.7,0.6,4.3,1.4
333,Kelly Olynyk\olynyke01,PF,26,MIA,26,537,15.6,.640,.415,.305,5.1,23.9,14.6,15.7,1.6,2.0,22.5,20.3,,0.6,0.8,1.3,.119,,-0.2,1.8,1.6,0.5
334,Cedi Osman\osmande01,SF,22,CLE,20,133,6.7,.532,.500,.063,2.7,25.5,14.5,4.1,1.1,0.7,17.6,13.4,,-0.1,0.1,0.1,.022,,-4.5,-1.6,-6.1,-0.1
335,Kelly Oubre\oubreke01,SF,22,WAS,27,741,12.7,.542,.430,.313,3.2,18.3,10.7,5.6,1.7,1.4,9.6,18.6,,0.6,0.9,1.5,.097,,-0.7,0.0,-0.6,0.3
336,Zaza Pachulia\pachuza01,C,33,GSW,25,359,15.5,.602,.000,.319,9.6,26.0,18.5,14.1,2.5,1.3,23.6,16.4,,0.4,0.7,1.1,.145,,-1.2,2.1,0.9,0.3
337,Marcus Paige\paigema01,PG,24,CHO,1,3,-19.4,.000,.000,.000,0.0,71.6,35.5,0.0,0.0,0.0,0.0,28.8,,0.0,0.0,0.0,-0.607,,-33.8,-10.4,-44.2,0.0
338,Georgios Papagiannis\papagge01,C,20,SAC,5,35,23.8,.800,.000,.000,6.4,20.5,13.2,10.3,1.4,2.7,9.1,14.1,,0.1,0.0,0.2,.222,,2.2,0.0,2.2,0.0
339,Tony Parker\parketo01,PG,35,SAS,7,131,17.3,.515,.059,.235,1.7,15.4,8.5,40.7,0.8,0.6,15.1,22.7,,0.2,0.1,0.3,.118,,-0.6,-1.5,-2.1,0.0
340,Chandler Parsons\parsoch01,SF,29,MEM,21,433,16.8,.639,.538,.154,2.2,14.1,8.1,16.7,1.4,1.5,12.1,18.6,,0.8,0.3,1.1,.127,,2.4,-1.0,1.4,0.4
341,Patrick Patterson\pattepa01,PF,28,OKC,26,359,7.0,.509,.706,.059,1.8,14.1,7.7,4.3,2.2,0.8,12.5,9.6,,0.0,0.5,0.5,.072,,-3.3,0.6,-2.7,-0.1
342,Brandon Paul\paulbr01,SG,26,SAS,28,329,10.7,.572,.500,.347,0.7,10.5,5.6,11.9,2.8,1.3,17.0,13.7,,0.2,0.5,0.7,.103,,-1.4,1.0,-0.4,0.1
343,Chris Paul\paulch01,PG,32,HOU,11,334,24.7,.589,.460,.222,2.1,16.5,9.4,48.0,3.3,1.0,13.2,20.7,,1.5,0.6,2.1,.295,,5.4,1.1,6.5,0.7
344,Elfrid Payton\paytoel01,PG,23,ORL,19,531,16.0,.527,.196,.207,4.1,10.0,7.1,34.5,2.5,1.0,19.7,19.9,,0.5,0.4,0.9,.077,,0.1,-0.3,-0.2,0.2
345,Gary Payton\paytoga02,PG,25,MIL,9,73,3.5,.405,.381,.000,1.6,14.8,8.2,11.8,0.7,0.0,12.5,15.2,,-0.1,0.0,-0.1,-0.047,,-5.2,-3.2,-8.5,-0.1
346,London Perrantes\perralo01,PG,23,CLE,1,3,-19.4,.000,.000,.000,0.0,0.0,0.0,0.0,0.0,0.0,0.0,14.9,,0.0,0.0,0.0,-0.380,,-16.5,-4.8,-21.3,0.0
347,Alec Peters\peteral01,PF,22,PHO,2,14,7.8,.375,1.000,.000,0.0,22.8,11.2,0.0,0.0,11.1,0.0,11.9,,0.0,0.0,0.0,.006,,-6.5,0.0,-6.5,0.0
348,Mason Plumlee\plumlma01,C,27,DEN,27,494,15.1,.538,.008,.584,9.1,21.9,15.4,13.9,1.8,4.4,19.9,17.1,,0.2,0.6,0.8,.082,,-2.3,2.7,0.4,0.3
349,Miles Plumlee\plumlmi01,C,29,ATL,8,113,10.5,.543,.000,.385,9.0,18.4,13.6,5.2,1.7,3.2,24.8,15.7,,-0.1,0.1,0.0,.008,,-5.2,0.8,-4.4,-0.1
350,Jakob Poeltl\poeltja01,C,22,TOR,25,405,20.0,.676,.009,.307,14.6,16.7,15.7,3.0,1.1,5.1,13.4,16.3,,1.1,0.6,1.7,.202,,1.3,1.3,2.6,0.5
351,Quincy Pondexter\pondequ01,SF,29,CHI,16,162,5.0,.426,.465,.395,5.1,8.3,6.6,6.3,2.1,1.1,17.9,16.8,,-0.3,0.1,-0.1,-0.040,,-5.5,-0.6,-6.0,-0.2
352,Otto Porter\porteot01,SF,24,WAS,26,846,18.9,.591,.323,.120,3.9,19.9,11.9,9.3,2.4,1.3,5.7,18.4,,1.8,1.2,3.0,.173,,2.4,1.4,3.8,1.2
353,Bobby Portis\portibo01,PF,22,CHI,17,364,20.5,.570,.300,.188,8.4,24.2,16.0,13.8,0.7,1.2,10.2,24.9,,0.6,0.3,0.9,.117,,1.3,-1.1,0.2,0.2
354,Kristaps Porzingis\porzikr01,PF,22,NYK,23,746,24.2,.570,.253,.325,4.4,19.2,12.0,6.3,0.9,6.2,9.2,33.9,,1.6,1.0,2.6,.164,,1.1,-0.5,0.6,0.5
355,Dwight Powell\poweldw01,C,26,DAL,27,479,16.4,.558,.286,.301,9.3,23.8,16.3,8.7,2.1,2.1,10.7,16.0,,0.7,0.7,1.4,.144,,-0.7,2.3,1.6,0.4
356,Norman Powell\powelno01,SG,24,TOR,21,434,11.7,.540,.464,.203,1.1,9.6,5.5,12.5,2.4,1.3,15.3,20.0,,0.1,0.5,0.6,.066,,-0.8,0.2,-0.6,0.2
357,Alex Poythress\poythal01,PF,24,IND,7,20,10.2,1.000,.667,.000,0.0,21.9,11.2,0.0,0.0,0.0,25.0,8.8,,0.0,0.0,0.0,.084,,-1.8,-4.9,-6.7,0.0
358,Jacob Pullen\pulleja01,PG,28,PHI,2,2,-19.9,.000,1.000,.000,0.0,0.0,0.0,0.0,0.0,0.0,0.0,20.8,,0.0,0.0,0.0,-0.485,,-15.4,-7.3,-22.7,0.0
359,Zhou Qi\qizh01,C,22,HOU,11,58,3.3,.331,.550,.300,4.0,17.4,10.8,2.3,1.7,8.9,15.0,19.9,,-0.2,0.1,-0.1,-0.073,,-9.8,2.6,-7.2,-0.1
360,Ivan Rabb\rabbiv01,PF,20,MEM,2,3,-2.6,.000,.000,.000,0.0,0.0,0.0,45.2,0.0,0.0,0.0,15.5,,0.0,0.0,0.0,-0.251,,-15.0,-12.3,-27.3,0.0
361,Julius Randle\randlju01,C,23,LAL,26,587,16.8,.594,.107,.476,5.7,23.3,14.5,13.1,1.0,3.0,17.8,23.5,,0.5,0.9,1.4,.113,,-1.8,1.1,-0.7,0.2
362,Zach Randolph\randoza01,PF,36,SAC,25,649,21.1,.563,.180,.151,7.4,24.1,15.4,16.5,1.8,0.6,11.7,26.6,,0.9,0.5,1.5,.109,,1.7,-0.6,1.1,0.5
363,J.J. Redick\redicjj01,SG,33,PHI,25,839,14.1,.586,.498,.225,0.6,7.6,4.2,15.7,0.9,0.2,9.7,19.9,,1.7,0.4,2.1,.120,,1.8,-2.6,-0.8,0.3
364,Willie Reed\reedwi02,C,27,LAC,21,220,21.3,.699,.016,.547,8.9,23.4,15.9,3.9,0.9,3.2,10.2,17.6,,0.7,0.2,0.9,.203,,0.4,-1.4,-1.0,0.1
365,Josh Richardson\richajo01,SF,24,MIA,26,840,8.1,.517,.506,.133,2.2,8.5,5.4,9.1,1.7,1.9,17.7,16.8,,-0.6,0.8,0.2,.014,,-2.3,1.0,-1.3,0.1
366,Malachi Richardson\richama01,SG,22,SAC,12,140,9.0,.492,.429,.310,1.6,7.7,4.5,6.4,2.2,0.0,5.9,16.3,,0.0,0.1,0.1,.036,,-2.2,-2.5,-4.6,-0.1
367,Austin Rivers\riverau01,SG,25,LAC,25,843,12.3,.513,.438,.196,1.7,5.1,3.4,16.8,2.1,0.5,11.6,21.1,,0.5,0.3,0.8,.044,,0.4,-2.3,-1.9,0.0
368,Andre Roberson\roberan03,SF,26,OKC,25,662,10.1,.562,.317,.129,7.5,11.2,9.3,5.6,1.7,3.3,18.4,8.5,,0.4,0.9,1.4,.098,,-1.9,2.8,0.9,0.5
369,Rajon Rondo\rondora01,PG,31,NOP,14,366,16.3,.551,.333,.020,2.2,15.3,9.0,43.7,1.7,0.7,23.7,15.6,,0.7,0.2,0.9,.121,,0.1,-1.4,-1.3,0.1
370,Derrick Rose\rosede01,PG,29,CLE,7,188,11.7,.542,.157,.253,4.4,6.4,5.4,10.2,0.5,0.5,17.1,26.4,,-0.1,0.0,0.0,-0.012,,-3.8,-4.1,-8.0,-0.3
371,Terrence Ross\rosste01,SG,26,ORL,22,576,10.4,.515,.480,.198,1.9,11.3,6.6,8.6,2.2,1.3,11.5,16.4,,0.0,0.4,0.4,.035,,-1.4,0.1,-1.4,0.1
372,Terry Rozier\roziete01,PG,23,BOS,29,681,13.9,.503,.530,.169,3.5,17.3,10.5,13.6,2.2,0.1,7.0,18.9,,0.6,1.2,1.8,.130,,0.2,1.0,1.2,0.6
373,Ricky Rubio\rubiori01,PG,27,UTA,26,751,13.0,.517,.392,.365,1.9,12.5,7.1,26.4,3.0,0.5,21.3,22.7,,-0.1,1.1,0.9,.060,,-1.2,0.9,-0.2,0.3
374,D'Angelo Russell\russeda01,PG,21,BRK,12,333,19.3,.539,.298,.307,2.8,14.8,8.7,39.1,1.7,0.5,17.1,35.2,,0.1,0.3,0.4,.054,,2.7,-0.4,2.3,0.4
375,Domantas Sabonis\sabondo01,PF,21,IND,25,615,18.8,.601,.052,.441,12.4,26.0,19.3,12.7,0.6,1.0,16.6,21.5,,1.4,0.6,2.0,.153,,0.6,-0.2,0.4,0.4
376,JaKarr Sampson\sampsja02,SF,24,SAC,6,102,14.8,.656,.136,.091,8.7,25.7,16.9,3.0,1.0,3.7,8.0,11.0,,0.2,0.1,0.3,.148,,-1.7,0.1,-1.7,0.0
377,Dario Saric\saricda01,PF,23,PHI,26,759,12.2,.518,.442,.144,7.8,16.7,12.4,10.9,0.8,1.0,12.7,18.6,,0.5,0.6,1.1,.071,,-0.5,-0.5,-1.0,0.2
378,Tomas Satoransky\satorto01,SG,26,WAS,18,304,15.6,.577,.288,.370,5.1,11.1,8.1,24.7,1.1,0.0,8.6,13.5,,0.9,0.2,1.1,.170,,2.0,-1.1,0.8,0.2
379,Dennis Schroder\schrode01,PG,24,ATL,25,798,19.0,.526,.206,.190,2.7,7.4,5.0,35.8,1.7,0.0,11.9,30.0,,1.2,0.1,1.3,.078,,2.3,-3.2,-0.9,0.2
380,Mike Scott\scottmi01,PF,29,WAS,24,431,14.8,.624,.302,.161,3.9,18.5,11.1,6.4,1.0,1.0,13.5,18.9,,0.5,0.4,1.0,.109,,-0.3,-1.1,-1.4,0.1
381,Thabo Sefolosha\sefolth01,SF,33,UTA,26,545,17.1,.625,.371,.219,3.3,21.0,11.9,6.1,3.5,1.0,9.8,15.3,,0.9,1.0,1.9,.169,,0.5,2.2,2.7,0.6
382,Wayne Selden\seldewa01,SG,23,MEM,2,19,15.3,.717,.500,.500,0.0,12.6,6.2,33.3,2.7,0.0,38.1,19.3,,0.0,0.0,0.0,.070,,-2.4,-2.4,-4.8,0.0
383,Ramon Sessions\sessira01,PG,31,NYK,10,149,7.6,.414,.224,.306,0.8,9.7,5.4,24.9,2.3,0.6,20.1,20.4,,-0.2,0.1,-0.1,-0.029,,-4.7,-0.8,-5.5,-0.1
384,Iman Shumpert\shumpim01,SG,27,CLE,13,271,6.9,.487,.439,.263,3.1,13.3,8.4,8.4,1.6,1.6,21.1,13.3,,-0.2,0.2,0.0,.001,,-3.5,0.2,-3.3,-0.1
385,Pascal Siakam\siakapa01,PF,23,TOR,24,490,13.9,.523,.329,.137,6.3,18.6,12.6,12.6,2.2,1.7,11.9,15.8,,0.4,0.7,1.1,.109,,0.0,2.2,2.2,0.5
386,Ben Simmons\simmobe01,PG,21,PHI,26,942,18.5,.523,.021,.355,6.1,19.4,12.9,33.7,2.7,1.9,19.3,23.9,,0.7,1.4,2.1,.106,,0.0,3.2,3.2,1.2
387,Jonathon Simmons\simmojo02,SG,28,ORL,28,781,13.8,.569,.240,.314,3.8,9.4,6.6,10.5,1.3,0.4,14.8,24.1,,0.4,0.3,0.7,.041,,-0.9,-2.2,-3.1,-0.2
388,Kobi Simmons\simmoko01,PG,20,MEM,1,5,13.9,1.000,.000,.000,0.0,0.0,0.0,0.0,0.0,0.0,0.0,9.3,,0.0,0.0,0.0,.161,,1.9,-4.4,-2.4,0.0
389,Kyle Singler\singlky01,SF,29,OKC,4,32,1.0,.423,.333,.417,0.0,14.8,7.1,0.0,0.0,0.0,12.3,21.9,,-0.1,0.0,-0.1,-0.089,,-10.2,-6.7,-16.9,-0.1
390,Marcus Smart\smartma01,SG,23,BOS,27,818,9.2,.442,.467,.286,2.9,10.7,6.9,25.1,1.9,1.1,19.4,19.5,,-0.7,1.3,0.6,.038,,-2.6,1.2,-1.4,0.1
391,Dennis Smith\smithde03,PG,20,DAL,23,647,11.6,.465,.332,.150,3.3,12.7,7.9,25.6,1.5,1.0,16.2,29.8,,-1.2,0.6,-0.6,-0.047,,-2.5,-0.3,-2.8,-0.1
392,Ish Smith\smithis01,PG,29,DET,27,539,15.5,.493,.086,.134,1.8,11.3,6.4,32.8,1.1,1.0,10.6,22.4,,0.6,0.5,1.0,.092,,-1.0,-1.1,-2.1,0.0
393,J.R. Smith\smithjr01,SG,32,CLE,28,857,8.1,.519,.716,.070,1.5,9.3,5.6,10.5,1.6,0.1,11.9,13.1,,0.3,0.4,0.7,.037,,-0.1,-1.0,-1.1,0.2
394,Jason Smith\smithja02,C,31,WAS,10,109,7.0,.402,.400,.229,11.2,8.2,9.7,1.3,0.9,4.8,9.4,17.2,,-0.1,0.1,0.0,.012,,-4.1,-0.8,-4.8,-0.1
395,Josh Smith\smithjo03,PF,32,NOP,3,12,3.6,.250,.000,.000,28.8,9.0,18.6,0.0,0.0,0.0,0.0,14.5,,0.0,0.0,0.0,-0.022,,-5.8,-7.9,-13.7,0.0
396,Tony Snell\snellto01,SG,26,MIL,23,729,10.8,.674,.590,.115,0.7,6.7,3.7,7.4,1.0,1.0,7.6,10.0,,1.2,0.2,1.4,.095,,1.6,-1.8,-0.2,0.3
397,Marreese Speights\speigma01,C,30,ORL,21,241,13.3,.528,.672,.119,3.2,17.1,10.2,8.0,0.8,1.9,8.4,27.8,,0.0,0.1,0.1,.030,,0.2,-4.0,-3.7,-0.1
398,Nik Stauskas\stausni01,SG,24,PHI,6,45,0.9,.410,.250,.500,0.0,2.3,1.2,2.7,4.2,0.0,45.0,8.2,,-0.1,0.1,-0.1,-0.058,,-7.1,2.1,-5.1,0.0
399,Lance Stephenson\stephla01,SG,27,IND,27,592,12.3,.505,.299,.228,4.4,20.5,12.6,17.1,1.2,0.6,15.2,19.0,,0.2,0.5,0.7,.056,,-1.5,-0.1,-1.6,0.1
400,Julyan Stone\stoneju01,SG,29,CHO,2,18,14.6,.750,1.000,.000,0.0,29.8,14.8,16.6,5.4,0.0,33.3,14.4,,0.0,0.0,0.0,.132,,-0.1,4.2,4.1,0.0
401,Caleb Swanigan\swanica01,PF,20,POR,14,129,7.4,.405,.125,.325,10.3,20.3,15.4,10.3,1.9,1.9,19.4,19.2,,-0.2,0.2,0.0,-0.001,,-5.7,1.7,-4.0,-0.1
402,Jayson Tatum\tatumja01,SF,19,BOS,29,887,17.3,.643,.350,.414,2.9,17.1,10.2,6.7,1.6,2.2,10.1,17.5,,2.0,1.6,3.6,.197,,1.1,1.9,3.0,1.1
403,Isaiah Taylor\taylois01,PG,23,ATL,20,324,11.6,.519,.242,.313,1.7,8.2,4.9,19.7,1.5,2.0,15.7,18.1,,0.1,0.1,0.2,.031,,-2.7,-1.6,-4.2,-0.2
404,Jeff Teague\teaguje01,PG,29,MIN,24,823,15.0,.553,.323,.271,1.1,8.4,4.7,30.7,2.2,0.8,19.7,19.8,,0.9,0.5,1.4,.079,,0.9,-1.7,-0.7,0.3
405,Mirza Teletovic\teletmi01,PF,32,MIL,10,159,14.1,.623,.789,.000,2.3,15.1,8.6,9.7,1.3,0.6,10.9,18.6,,0.2,0.1,0.3,.097,,2.3,-3.5,-1.2,0.0
406,Garrett Temple\templga01,SG,31,SAC,26,640,8.8,.498,.536,.158,0.9,9.3,4.9,8.8,2.1,2.1,12.5,15.7,,-0.2,0.4,0.2,.013,,-2.1,-0.2,-2.3,0.0
407,Milos Teodosic\teodomi01,PG,30,LAC,3,53,9.3,.462,.667,.083,2.0,15.1,8.4,23.6,0.0,1.6,13.9,23.9,,0.0,0.0,0.0,-0.007,,-1.2,-3.6,-4.8,0.0
408,Jason Terry\terryja01,SG,40,MIL,10,111,5.8,.377,.632,.105,0.0,9.7,4.8,7.2,3.2,3.2,16.8,9.9,,-0.2,0.1,0.0,-0.012,,-4.5,1.4,-3.1,0.0
409,Daniel Theis\theisda01,C,25,BOS,27,334,14.3,.579,.200,.300,12.1,22.8,17.6,6.6,1.8,5.0,23.9,17.9,,0.1,0.8,0.9,.126,,-3.2,3.7,0.5,0.2
410,Lance Thomas\thomala01,PF,29,NYK,24,403,6.7,.514,.391,.345,5.3,12.1,8.8,3.3,1.0,0.0,14.5,12.7,,0.1,0.2,0.3,.038,,-2.0,-1.1,-3.1,-0.1
411,Klay Thompson\thompkl01,SG,27,GSW,28,938,18.3,.622,.463,.075,1.7,11.2,6.9,11.8,1.0,1.5,9.0,23.7,,1.9,0.9,2.8,.141,,3.3,-2.1,1.1,0.7
412,Tristan Thompson\thomptr01,C,26,CLE,9,179,9.8,.567,.000,.423,11.2,20.8,16.2,2.2,0.3,2.0,16.3,9.2,,0.2,0.1,0.3,.081,,-2.7,-0.9,-3.7,-0.1
413,Sindarius Thornwell\thornsi01,SG,23,LAC,25,412,6.8,.515,.315,.281,2.6,7.2,4.9,5.9,1.8,1.9,16.0,12.6,,-0.1,0.2,0.1,.017,,-2.9,-0.1,-3.0,-0.1
414,Anthony Tolliver\tollian01,PF,32,DET,24,449,12.2,.585,.780,.252,3.4,13.3,8.1,8.1,1.2,1.3,9.9,14.8,,0.7,0.4,1.1,.118,,1.0,-0.2,0.8,0.3
415,Karl-Anthony Towns\townska01,C,22,MIN,28,991,22.1,.615,.244,.308,8.9,29.9,19.2,7.9,1.2,3.3,12.1,23.1,,2.6,1.1,3.7,.178,,2.3,0.3,2.6,1.1
416,P.J. Tucker\tuckepj01,SF,32,HOU,25,676,9.1,.577,.712,.200,4.6,19.8,12.3,4.4,2.2,0.8,17.6,10.6,,0.4,1.0,1.3,.096,,-1.0,1.8,0.8,0.5
417,Evan Turner\turneev01,SF,29,POR,26,681,7.8,.458,.213,.223,1.6,14.0,7.9,13.1,1.5,1.2,16.9,16.7,,-0.6,0.9,0.3,.021,,-4.2,1.4,-2.7,-0.1
418,Myles Turner\turnemy01,C,21,IND,20,597,18.0,.571,.225,.251,3.8,23.3,13.7,8.2,0.6,6.8,10.3,20.7,,0.8,0.8,1.6,.127,,-1.1,2.2,1.1,0.5
419,Ekpe Udoh\udohek01,C,30,UTA,25,359,14.0,.535,.000,.392,9.4,8.6,9.0,11.4,2.2,8.2,14.3,8.8,,0.6,0.6,1.2,.161,,-1.1,6.3,5.3,0.7
420,Tyler Ulis\ulisty01,PG,22,PHO,28,665,9.7,.466,.211,.243,0.8,7.2,3.9,25.0,2.0,0.2,18.8,18.6,,-0.4,0.2,-0.2,-0.017,,-3.1,-2.6,-5.6,-0.6
421,Jonas Valanciunas\valanjo01,C,25,TOR,21,432,19.8,.638,.046,.344,12.6,29.2,21.1,4.6,0.8,2.1,15.5,21.0,,1.1,0.6,1.7,.188,,-0.5,-0.5,-1.0,0.1
422,Denzel Valentine\valende01,SG,24,CHI,26,747,10.5,.480,.553,.037,2.7,17.6,9.9,15.9,1.4,0.4,9.5,16.2,,0.1,0.6,0.6,.040,,-1.2,0.1,-1.2,0.2
423,Fred VanVleet\vanvlfr01,PG,23,TOR,25,428,13.5,.500,.429,.170,1.4,9.5,5.5,23.9,2.4,1.2,12.2,18.5,,0.4,0.5,0.9,.103,,-0.1,-0.1,-0.2,0.2
424,Rashad Vaughn\vaughra01,SG,21,MIL,13,109,13.8,.575,.667,.121,1.1,8.8,4.9,10.8,1.9,1.6,2.8,15.1,,0.2,0.1,0.3,.119,,1.4,-2.8,-1.4,0.0
425,Noah Vonleh\vonleno01,PF,22,POR,19,396,13.2,.573,.000,.296,9.5,29.5,19.6,4.4,0.8,2.0,12.1,10.0,,0.6,0.6,1.2,.146,,-2.6,1.9,-0.8,0.1
426,Nikola Vucevic\vucevni01,C,27,ORL,28,853,21.4,.570,.295,.108,6.1,26.8,16.5,18.3,1.5,3.0,10.7,24.3,,1.5,1.0,2.5,.140,,2.1,1.7,3.9,1.3
427,Dwyane Wade\wadedw01,SG,36,CLE,26,617,17.0,.523,.123,.313,3.4,13.5,8.7,25.7,1.9,3.1,15.4,24.5,,0.5,0.6,1.1,.083,,-1.5,0.5,-1.0,0.2
428,Dion Waiters\waitedi01,SG,26,MIA,24,735,10.7,.488,.433,.145,1.3,7.7,4.5,20.3,1.3,0.8,14.3,25.9,,-0.7,0.5,-0.1,-0.009,,-2.0,-1.9,-3.9,-0.4
429,Kemba Walker\walkeke02,PG,27,CHO,24,849,21.5,.576,.400,.373,1.6,9.4,5.5,30.3,1.1,0.6,9.5,26.3,,2.6,0.6,3.2,.183,,5.6,-1.5,4.0,1.3
430,John Wall\walljo01,PG,27,WAS,16,550,21.8,.532,.234,.438,1.2,9.8,5.5,44.1,1.5,2.9,13.6,28.3,,1.2,0.6,1.7,.150,,3.3,-0.5,2.8,0.7
431,Taurean Waller-Prince\princta02,SF,23,ATL,27,841,12.9,.548,.358,.161,2.8,16.9,9.8,12.5,1.7,1.6,15.3,19.8,,0.2,0.5,0.7,.038,,-1.2,0.1,-1.1,0.2
432,Derrick Walton\waltode01,PG,22,MIA,4,12,7.3,.258,.333,.667,0.0,18.8,9.5,0.0,4.2,6.9,0.0,14.7,,0.0,0.0,0.0,-0.036,,-10.6,2.8,-7.7,0.0
433,T.J. Warren\warretj01,SF,24,PHO,29,917,17.9,.531,.102,.245,6.6,12.3,9.4,7.0,1.3,1.7,7.4,25.1,,1.2,0.3,1.6,.081,,-0.1,-2.2,-2.3,-0.1
434,Briante Weber\weberbr01,PG,25,HOU,4,14,3.7,,,,0.0,24.1,12.2,8.7,3.4,0.0,100.0,3.1,,0.0,0.0,0.0,.025,,-7.2,5.4,-1.8,0.0
435,David West\westda01,C,37,GSW,26,325,25.2,.682,.050,.218,7.5,20.9,14.8,18.8,2.3,7.8,17.7,21.1,,0.9,0.7,1.6,.232,,1.8,4.6,6.4,0.7
436,Russell Westbrook\westbru01,PG,29,OKC,26,935,21.3,.492,.286,.348,4.6,24.8,14.2,48.7,2.8,0.3,16.8,33.9,,0.7,1.7,2.5,.126,,3.6,3.0,6.6,2.0
437,Derrick White\whitede01,PG,23,SAS,6,47,9.4,.467,.000,.857,4.7,16.6,10.7,8.8,3.3,3.6,23.7,12.1,,0.0,0.1,0.1,.064,,-5.2,4.2,-1.0,0.0
438,Okaro White\whiteok01,PF,25,MIA,6,80,9.2,.577,.688,.188,4.3,11.3,7.8,3.6,0.6,1.0,5.5,10.4,,0.1,0.1,0.2,.090,,-1.2,-1.1,-2.3,0.0
439,Isaiah Whitehead\whiteis01,PG,22,BRK,9,109,12.3,.529,.170,.283,2.8,14.4,8.5,23.8,2.2,1.4,23.2,29.7,,-0.2,0.1,-0.1,-0.033,,-4.3,0.0,-4.4,-0.1
440,Hassan Whiteside\whiteha01,C,28,MIA,15,402,25.8,.612,.013,.325,12.0,41.8,27.0,2.8,1.7,4.9,11.2,23.3,,0.9,0.9,1.8,.212,,-2.7,0.6,-2.1,0.0
441,Andrew Wiggins\wiggian01,SF,22,MIN,28,1035,13.4,.507,.274,.329,3.5,9.3,6.4,7.9,1.6,1.4,9.5,23.7,,0.3,0.5,0.8,.038,,-0.8,-1.7,-2.5,-0.1
442,Jacob Wiley\wileyja01,PF,23,BRK,5,33,8.1,.410,.500,.500,6.2,28.5,17.2,7.8,1.4,0.0,0.0,6.2,,0.0,0.0,0.1,.099,,-3.5,1.4,-2.2,0.0
443,Damien Wilkins\wilkida02,SF,38,IND,14,89,5.5,.428,.421,.105,5.1,7.4,6.3,8.7,1.1,0.0,16.8,11.8,,-0.1,0.0,0.0,-0.012,,-3.4,-1.6,-5.0,-0.1
444,C.J. Williams\willicj01,SG,27,LAC,13,127,10.5,.518,.281,.125,2.6,9.0,5.7,13.9,1.6,0.0,10.6,13.0,,0.1,0.0,0.2,.057,,-1.7,-2.0,-3.7,-0.1
445,Lou Williams\willilo02,SG,31,LAC,25,763,20.7,.592,.424,.317,1.8,8.2,5.0,26.9,1.5,0.5,13.8,27.5,,2.0,0.2,2.2,.139,,4.5,-3.2,1.3,0.6
446,Marvin Williams\willima02,PF,31,CHO,26,692,14.7,.629,.522,.212,4.0,14.3,9.1,6.6,1.3,1.1,6.5,13.4,,1.5,0.7,2.2,.152,,1.8,0.7,2.4,0.8
447,Troy Williams\willitr02,SF,23,HOU,4,17,-2.3,.242,.556,.333,6.8,19.8,13.4,8.3,2.8,0.0,8.8,28.9,,-0.1,0.0,-0.1,-0.246,,-11.4,-2.6,-14.1,-0.1
448,D.J. Wilson\wilsodj01,PF,21,MIL,10,35,3.5,.444,.333,.000,0.0,17.1,8.5,4.1,0.0,0.0,10.0,13.2,,0.0,0.0,0.0,-0.043,,-6.3,-4.2,-10.4,-0.1
449,Jamil Wilson\wilsoja02,SF,27,LAC,7,87,9.6,.600,.840,.000,3.7,9.2,6.4,8.7,0.0,0.0,10.7,14.1,,0.1,0.0,0.1,.066,,1.1,-4.1,-3.0,0.0
450,Justise Winslow\winslju01,SF,21,MIA,26,603,11.4,.490,.243,.154,5.0,22.3,13.7,12.4,1.5,1.4,13.0,15.6,,0.1,0.8,0.8,.066,,-2.9,1.9,-1.1,0.1
451,Jeff Withey\witheje01,C,27,DAL,9,36,7.9,.437,.643,.143,2.9,25.1,13.7,0.0,0.0,7.7,11.8,21.3,,-0.1,0.1,0.0,-0.048,,-9.0,-2.3,-11.3,-0.1
452,Nate Wolters\woltena01,PG,26,UTA,4,11,-5.0,.000,.000,.000,10.2,10.8,10.5,11.7,0.0,0.0,0.0,12.4,,0.0,0.0,0.0,-0.185,,-10.7,-1.0,-11.7,0.0
453,Brandan Wright\wrighbr03,PF,30,MEM,16,229,20.2,.581,.000,.365,10.3,18.2,14.3,3.7,1.8,7.3,3.9,15.5,,0.5,0.3,0.9,.180,,-1.3,2.5,1.3,0.2
454,Delon Wright\wrighde01,PG,25,TOR,14,292,14.9,.670,.431,.492,2.4,10.8,6.7,17.3,2.2,1.4,24.0,15.7,,0.5,0.3,0.8,.138,,0.9,1.0,1.9,0.3
455,Guerschon Yabusele\yabusgu01,PF,22,BOS,9,46,14.7,.504,.625,.125,19.5,16.3,17.9,13.5,0.0,1.8,15.1,19.3,,0.1,0.1,0.1,.140,,1.5,-0.5,1.0,0.0
456,Joe Young\youngjo01,PG,25,IND,15,88,10.1,.483,.289,.263,3.9,9.9,7.0,13.5,0.6,0.0,12.4,24.1,,0.0,0.0,0.0,-0.008,,-3.2,-4.0,-7.2,-0.1
457,Nick Young\youngni01,SG,32,GSW,27,353,14.1,.616,.717,.174,1.4,8.6,5.3,5.0,1.7,0.4,8.6,20.0,,0.5,0.3,0.8,.108,,1.9,-3.6,-1.6,0.0
458,Thaddeus Young\youngth01,PF,29,IND,27,906,15.5,.547,.262,.056,7.1,13.3,10.2,8.5,2.4,1.0,9.5,17.8,,1.1,0.9,2.0,.105,,1.1,0.7,1.8,0.9
459,Cody Zeller\zelleco01,C,25,CHO,19,378,16.1,.568,.011,.611,12.9,16.8,14.8,6.4,1.2,4.7,14.8,16.2,,0.6,0.5,1.2,.146,,-1.2,2.7,1.5,0.3
460,Tyler Zeller\zellety01,C,28,BRK,18,339,16.9,.637,.094,.368,8.5,17.6,13.0,5.8,1.0,2.5,15.2,17.9,,0.6,0.3,0.9,.126,,-1.0,0.4,-0.6,0.1
461,Paul Zipser\zipsepa01,SF,23,CHI,23,380,4.4,.393,.405,.069,1.3,20.0,10.3,9.9,1.3,0.9,14.3,16.3,,-0.8,0.3,-0.5,-0.062,,-6.8,0.0,-6.8,-0.5
462,Ante Zizic\zizican01,C,21,CLE,11,39,13.4,.462,.000,.636,15.2,22.4,18.9,3.5,0.0,6.8,12.4,18.4,,0.0,0.0,0.1,.072,,-5.8,-0.6,-6.3,0.0
463,Ivica Zubac\zubaciv01,C,20,LAL,6,14,0.7,.400,.000,.000,15.0,15.0,15.0,0.0,0.0,0.0,28.6,20.8,,-0.1,0.0,0.0,-0.147,,-11.9,-6.4,-18.3,-0.1